claim_id,patient_id,submission_date,billed_amount,claim_sequence
CLM100088,PT10001,2026-03-10,1996.8,1
CLM100321,PT10002,2026-08-16,2948.33,1
CLM100091,PT10011,2026-05-17,627.06,1
CLM102150,PT10012,2026-07-23,338.69,1
CLM100660,PT10012,2026-05-07,3648.12,2
CLM101273,PT10012,2026-04-11,1309.91,3
CLM101630,PT10012,2026-02-25,4016.39,4
CLM101064,PT10013,2026-06-11,3940.03,1
CLM101164,PT10014,2026-02-02,386.75,1
CLM101963,PT10014,2026-01-31,3780.39,2
CLM100733,PT10015,2026-05-20,2787.95,1
CLM101851,PT10017,2026-08-19,3253.62,1
CLM100682,PT10017,2026-07-08,997.32,2
CLM101136,PT10018,2026-07-24,912.48,1
CLM102251,PT10018,2026-07-06,3777.9,2
CLM100748,PT10018,2026-07-03,293.48,3
CLM102396,PT10018,2026-07-03,2120.96,4
CLM102518,PT10022,2026-01-13,2076.7,1
CLM100852,PT10025,2026-08-22,1344.79,1
CLM102191,PT10026,2026-08-30,1246.94,1
CLM101805,PT10026,2026-06-29,369.99,2
CLM100744,PT10026,2026-04-25,4170.67,3
CLM102379,PT10026,2026-03-27,945.7,4
CLM101402,PT10028,2026-06-25,2088.53,1
CLM101850,PT10030,2026-08-28,1296.17,1
CLM101548,PT10031,2026-08-16,1727.08,1
CLM100186,PT10032,2026-01-25,2091.09,1
CLM102070,PT10033,2026-07-15,991.32,1
CLM102788,PT10033,2026-04-19,3060.98,2
CLM101989,PT10033,2026-03-23,3360.19,3
CLM100876,PT10034,2026-03-18,2211.57,1
CLM100028,PT10035,2026-08-03,2093.56,1
CLM100333,PT10035,2026-01-30,3203.74,2
CLM101350,PT10037,2026-02-16,675.93,1
CLM100312,PT10037,2026-01-10,3475.61,2
CLM102635,PT10039,2026-03-04,1487.3,1
CLM101215,PT10040,2026-08-01,456.51,1
CLM101266,PT10040,2026-02-13,1882.01,2
CLM101177,PT10042,2026-01-06,886.45,1
CLM101320,PT10043,2026-05-02,669.43,1
CLM100906,PT10043,2026-02-24,3707.98,2
CLM101781,PT10044,2026-06-03,2848,1
CLM102086,PT10044,2026-05-11,1951.51,2
CLM101901,PT10044,2026-04-17,2638.23,3
CLM100714,PT10044,2026-01-28,384.38,4
CLM100049,PT10044,2026-01-24,2724.29,5
CLM101480,PT10045,2026-07-15,3597.94,1
CLM101905,PT10045,2026-06-21,926.54,2
CLM101142,PT10048,2026-06-23,4058.76,1
CLM100459,PT10049,2026-08-14,3373.57,1
CLM102929,PT10049,2026-02-20,3552.76,2
CLM100420,PT10050,2026-06-28,3174.89,1
CLM100086,PT10050,2026-03-20,1201.13,2
CLM100106,PT10050,2026-01-17,3713.79,3
CLM102067,PT10051,2026-05-22,2218.67,1
CLM100692,PT10054,2026-05-09,3216.18,1
CLM100717,PT10055,2026-08-18,2854.34,1
CLM101384,PT10055,2026-07-14,3170.86,2
CLM102461,PT10057,2026-07-28,3000.68,1
CLM100213,PT10060,2026-07-30,1235.84,1
CLM100770,PT10060,2026-01-24,518.24,2
CLM100460,PT10061,2026-06-17,1412.78,1
CLM100968,PT10062,2026-04-08,1400.98,1
CLM102613,PT10062,2026-03-10,1831.48,2
CLM100358,PT10063,2026-07-20,2373.36,1
CLM101503,PT10063,2026-04-09,2881.15,2
CLM102350,PT10063,2026-03-07,1316.35,3
CLM100287,PT10065,2026-08-28,2354.11,1
CLM100476,PT10065,2026-03-25,3030.7,2
CLM100688,PT10066,2026-05-17,487.55,1
CLM102402,PT10066,2026-05-02,2848.61,2
CLM100303,PT10066,2026-01-11,511.55,3
CLM101511,PT10067,2026-07-18,731.7,1
CLM102555,PT10068,2026-07-26,4012.84,1
CLM100810,PT10068,2026-01-22,1738.53,2
CLM102789,PT10069,2026-04-10,1052.41,1
CLM102567,PT10071,2026-06-23,1115.96,1
CLM101369,PT10071,2026-03-28,4058.63,2
CLM102338,PT10073,2026-04-25,3289.7,1
CLM101112,PT10073,2026-03-12,3431.32,2
CLM102011,PT10074,2026-05-09,3399.48,1
CLM100047,PT10075,2026-01-25,1913.17,1
CLM102584,PT10076,2026-04-21,2514.31,1
CLM100011,PT10077,2026-06-09,2778.2,1
CLM102039,PT10078,2026-01-29,95.67,1
CLM102366,PT10080,2026-08-29,1767.79,1
CLM101276,PT10080,2026-07-01,3663.32,2
CLM101433,PT10081,2026-02-03,2574.17,1
CLM102064,PT10082,2026-06-15,2108.14,1
CLM101229,PT10082,2026-04-22,2411.23,2
CLM101304,PT10084,2026-03-31,735.25,1
CLM102242,PT10085,2026-07-27,2056.98,1
CLM100157,PT10085,2026-01-26,1492.09,2
CLM102615,PT10086,2026-08-26,1389.66,1
CLM100339,PT10086,2026-02-02,330.59,2
CLM101832,PT10090,2026-08-08,2356.7,1
CLM102629,PT10090,2026-03-29,928,2
CLM100518,PT10090,2026-02-19,2700.02,3
CLM101463,PT10091,2026-03-19,2617.4,1
CLM101736,PT10093,2026-08-23,696.4,1
CLM102176,PT10095,2026-05-31,4192.7,1
CLM100956,PT10100,2026-05-19,777.71,1
CLM102161,PT10100,2026-04-05,714.74,2
CLM102934,PT10101,2026-08-03,3679.77,1
CLM102966,PT10103,2026-08-08,3561.04,1
CLM101140,PT10105,2026-05-26,3334.42,1
CLM102165,PT10105,2026-03-13,3646.68,2
CLM101007,PT10106,2026-02-22,2863.58,1
CLM100613,PT10106,2026-01-27,3917.24,2
CLM102249,PT10109,2026-02-07,1653.28,1
CLM100379,PT10110,2026-04-07,4128.56,1
CLM100669,PT10112,2026-06-14,1616.07,1
CLM101412,PT10112,2026-03-13,189.61,2
CLM100231,PT10113,2026-06-15,2150.14,1
CLM102420,PT10113,2026-01-30,3445.43,2
CLM102231,PT10115,2026-08-27,1071.31,1
CLM102433,PT10116,2026-03-23,3037.67,1
CLM100351,PT10117,2026-08-14,1490.51,1
CLM101887,PT10117,2026-02-18,3949.26,2
CLM101455,PT10118,2026-03-12,670.03,1
CLM100344,PT10119,2026-04-28,2972.71,1
CLM102833,PT10120,2026-03-14,1895.81,1
CLM101823,PT10121,2026-05-02,293.54,1
CLM102138,PT10121,2026-02-28,1765.56,2
CLM101593,PT10121,2026-02-27,3188.49,3
CLM102376,PT10121,2026-01-09,504.15,4
CLM102416,PT10123,2026-02-08,420.09,1
CLM101131,PT10124,2026-02-07,1653.23,1
CLM101591,PT10127,2026-08-03,2757.91,1
CLM100849,PT10127,2026-06-07,3713.3,2
CLM101148,PT10128,2026-08-31,2933.68,1
CLM101913,PT10129,2026-04-22,203.07,1
CLM101047,PT10130,2026-07-24,3133.86,1
CLM101348,PT10130,2026-06-15,628.09,2
CLM100409,PT10130,2026-04-13,2861.43,3
CLM102902,PT10130,2026-01-25,2220.83,4
CLM101472,PT10130,2026-01-06,2475.26,5
CLM100520,PT10131,2026-03-25,1992.88,1
CLM102485,PT10133,2026-05-27,1674.21,1
CLM101522,PT10133,2026-02-26,2017.74,2
CLM101232,PT10134,2026-06-06,3629.45,1
CLM102792,PT10134,2026-04-22,3225.53,2
CLM102883,PT10135,2026-04-10,1237.75,1
CLM100355,PT10137,2026-07-15,1907.6,1
CLM101542,PT10137,2026-01-22,1296.78,2
CLM100985,PT10138,2026-06-30,1814.26,1
CLM101183,PT10138,2026-01-19,2778.28,2
CLM102785,PT10144,2026-03-14,669.56,1
CLM100691,PT10144,2026-01-06,275.46,2
CLM101803,PT10147,2026-04-25,-1709.79,1
CLM102503,PT10147,2026-04-06,1863.26,2
CLM101312,PT10149,2026-01-02,112.71,1
CLM101645,PT10151,2026-07-09,2372.74,1
CLM102862,PT10154,2026-04-08,1399.44,1
CLM100236,PT10155,2026-06-13,1712.83,1
CLM102492,PT10155,2026-04-09,4079.29,2
CLM102535,PT10155,2026-03-14,368.37,3
CLM100822,PT10156,2026-03-25,1648.86,1
CLM102885,PT10156,2026-03-22,1307.45,2
CLM100124,PT10157,2026-06-15,2051.88,1
CLM101026,PT10157,2026-04-17,2094.07,2
CLM102312,PT10158,2026-08-14,664.72,1
CLM101488,PT10158,2026-07-27,2190.38,2
CLM100830,PT10158,2026-06-15,3551.54,3
CLM102796,PT10160,2026-05-17,4129.09,1
CLM102160,PT10160,2026-02-25,3028.23,2
CLM101760,PT10161,2026-06-27,2037.71,1
CLM100959,PT10164,2026-02-13,1296.2,1
CLM102794,PT10166,2026-08-15,1214.06,1
CLM100788,PT10166,2026-01-31,261.65,2
CLM101711,PT10167,2026-04-15,3151.69,1
CLM100915,PT10170,2026-08-04,3142.65,1
CLM100375,PT10170,2026-06-30,2785.42,2
CLM101253,PT10170,2026-02-18,3817.92,3
CLM102360,PT10171,2026-08-11,2678.72,1
CLM100372,PT10173,2026-08-21,386.04,1
CLM102268,PT10173,2026-07-31,2154.28,2
CLM102355,PT10173,2026-05-19,979.78,3
CLM102712,PT10173,2026-01-23,1650.67,4
CLM102451,PT10174,2026-07-03,2774.26,1
CLM102701,PT10174,2026-06-15,2900.38,2
CLM102753,PT10175,2026-06-07,3072.66,1
CLM100020,PT10175,2026-03-12,3251.15,2
CLM102900,PT10175,2026-02-21,1798.18,3
CLM100085,PT10175,2026-01-09,2043.06,4
CLM101637,PT10176,2026-01-07,3313.64,1
CLM102807,PT10177,2026-06-02,439.29,1
CLM100706,PT10177,2026-03-01,1011.73,2
CLM102110,PT10180,2026-07-26,2925.53,1
CLM102372,PT10181,2026-08-01,1027.89,1
CLM100142,PT10182,2026-06-19,2078.75,1
CLM100575,PT10183,2026-04-23,3698.97,1
CLM102456,PT10184,2026-08-13,3619.9,1
CLM102395,PT10184,2026-08-03,2644.66,2
CLM100356,PT10186,2026-05-09,2958.43,1
CLM102121,PT10186,2026-03-22,2961.24,2
CLM101321,PT10186,2026-02-23,3692.65,3
CLM100588,PT10187,2026-03-30,2353.28,1
CLM100597,PT10189,2026-03-25,186.19,1
CLM102543,PT10189,2026-02-13,3798.07,2
CLM101814,PT10190,2026-07-02,2289.14,1
CLM102680,PT10190,2026-06-11,3515.3,2
CLM102090,PT10194,2026-04-25,2351.56,1
CLM102097,PT10195,2026-08-20,820.73,1
CLM101906,PT10197,2026-05-01,1894.49,1
CLM100412,PT10198,2026-03-06,546.37,1
CLM102152,PT10199,2026-07-22,3334.89,1
CLM100550,PT10200,2026-05-21,1386.04,1
CLM101530,PT10204,2026-07-24,3481.34,1
CLM101386,PT10204,2026-07-03,650.11,2
CLM101327,PT10206,2026-03-30,3897.87,1
CLM101928,PT10207,2026-05-02,3124.64,1
CLM101504,PT10207,2026-04-28,735.02,2
CLM102271,PT10209,2026-02-04,3012.29,1
CLM100240,PT10210,2026-04-01,1769.9,1
CLM100360,PT10210,2026-01-18,4179.59,2
CLM101919,PT10211,2026-05-29,1000.67,1
CLM100571,PT10211,2026-04-11,1348.4,2
CLM101641,PT10213,2026-06-29,1885.34,1
CLM102556,PT10213,2026-04-06,3443.95,2
CLM100382,PT10213,2026-03-14,628.85,3
CLM100898,PT10213,2026-03-01,303.32,4
CLM100925,PT10214,2026-05-22,1769.89,1
CLM100510,PT10215,2026-02-23,1236.35,1
CLM100100,PT10218,2026-08-18,3453.75,1
CLM102225,PT10218,2026-03-20,2550.01,2
CLM100365,PT10219,2026-03-13,3431.92,1
CLM100595,PT10220,2026-01-20,1978.62,1
CLM100304,PT10224,2026-08-15,274.57,1
CLM100570,PT10224,2026-05-26,2344.19,2
CLM101945,PT10225,2026-08-26,330.23,1
CLM101370,PT10225,2026-06-11,2221.92,2
CLM102786,PT10227,2026-05-06,986.66,1
CLM100667,PT10228,2026-06-12,1966.29,1
CLM101419,PT10230,2026-08-18,2493.54,1
CLM100742,PT10230,2026-05-08,644.23,2
CLM102133,PT10230,2026-02-08,2781.12,3
CLM100907,PT10232,2026-06-03,2674.35,1
CLM102500,PT10232,2026-03-07,1996.95,2
CLM100153,PT10233,2026-07-03,3567.11,1
CLM102667,PT10233,2026-03-29,941.14,2
CLM102233,PT10234,2026-05-22,1938.78,1
CLM102590,PT10234,2026-02-08,183.26,2
CLM100974,PT10236,2026-07-24,204.14,1
CLM101101,PT10239,2026-04-06,654.87,1
CLM102991,PT10241,2026-08-11,2078.09,1
CLM100893,PT10242,2026-03-22,3564.2,1
CLM100043,PT10244,2026-08-25,935.63,1
CLM101837,PT10244,2026-07-16,1142.72,2
CLM101655,PT10244,2026-02-07,2975.23,3
CLM102806,PT10247,2026-07-03,3908.07,1
CLM101219,PT10247,2026-04-25,3492.69,2
CLM102175,PT10248,2026-08-01,811.67,1
CLM103000,PT10249,2026-02-08,2365.57,1
CLM100686,PT10250,2026-04-14,3405.59,1
CLM101652,PT10250,2026-04-06,955.22,2
CLM100680,PT10251,2026-06-03,2974.34,1
CLM100388,PT10253,2026-06-02,610.53,1
CLM102367,PT10254,2026-03-24,3188.01,1
CLM102751,PT10254,2026-02-19,221.4,2
CLM101158,PT10256,2026-04-04,3079.87,1
CLM101751,PT10257,2026-07-04,1414,1
CLM102141,PT10258,2026-04-23,934.03,1
CLM100171,PT10259,2026-07-06,958.6,1
CLM101664,PT10261,2026-03-09,3993.11,1
CLM100699,PT10262,2026-03-11,3237.19,1
CLM101230,PT10263,2026-04-27,588.53,1
CLM100967,PT10265,2026-06-03,3136.92,1
CLM101399,PT10266,2026-02-14,161.95,1
CLM101388,PT10268,2026-08-04,3108.99,1
CLM101139,PT10268,2026-02-05,1773.04,2
CLM102800,PT10269,2026-01-27,1543.47,1
CLM101432,PT10271,2026-07-17,3545.44,1
CLM100892,PT10271,2026-06-09,879.98,2
CLM100133,PT10273,2026-05-06,1701.18,1
CLM102933,PT10273,2026-04-07,3452.1,2
CLM101972,PT10273,2026-02-23,1048.63,3
CLM101184,PT10274,2026-07-19,3266.44,1
CLM102852,PT10275,2026-07-20,3445.01,1
CLM100873,PT10276,2026-04-12,2830.49,1
CLM100223,PT10277,2026-08-27,3666.66,1
CLM101879,PT10280,2026-06-02,1053.29,1
CLM102685,PT10283,2026-04-06,785.34,1
CLM102390,PT10286,2026-07-23,3143.27,1
CLM100039,PT10287,2026-03-15,2108.63,1
CLM101425,PT10287,2026-03-09,901.27,2
CLM102811,PT10288,2026-06-20,1695.96,1
CLM102377,PT10289,2026-08-04,1756.78,1
CLM101493,PT10289,2026-02-08,3699.28,2
CLM102509,PT10289,2026-01-18,1895.76,3
CLM102418,PT10292,2026-02-12,175.49,1
CLM102000,PT10293,2026-08-29,3123.53,1
CLM100864,PT10293,2026-07-09,893.03,2
CLM100611,PT10297,2026-03-01,761.47,1
CLM102764,PT10298,2026-05-04,186.67,1
CLM100340,PT10298,2026-04-13,853.41,2
CLM100134,PT10299,2026-04-06,4156.32,1
CLM100386,PT10299,2026-01-10,1395.39,2
CLM101679,PT10300,2026-05-01,1785.43,1
CLM101162,PT10301,2026-07-01,167.13,1
CLM100512,PT10301,2026-04-06,2204.62,2
CLM100054,PT10302,2026-05-28,3195.5,1
CLM100509,PT10304,2026-07-24,1441.76,1
CLM101267,PT10304,2026-05-15,416.79,2
CLM102136,PT10305,2026-03-11,247.41,1
CLM101356,PT10306,2026-03-22,165.94,1
CLM100693,PT10306,2026-01-14,4083.58,2
CLM101608,PT10307,2026-03-12,4146.18,1
CLM101524,PT10309,2026-08-21,742.09,1
CLM100831,PT10309,2026-05-27,3344.66,2
CLM101295,PT10310,2026-06-20,2439.48,1
CLM100605,PT10312,2026-08-31,1773.37,1
CLM100402,PT10312,2026-06-07,1145.56,2
CLM101667,PT10314,2026-04-04,3210.97,1
CLM101239,PT10315,2026-04-29,4150.98,1
CLM102397,PT10316,2026-07-27,2053.74,1
CLM102208,PT10316,2026-03-23,3503.21,2
CLM101857,PT10317,2026-04-19,4017.86,1
CLM100208,PT10317,2026-03-24,1075.89,2
CLM101008,PT10318,2026-01-25,1526.02,1
CLM100226,PT10319,2026-09-04,3741.43,1
CLM100565,PT10320,2026-04-08,533.29,1
CLM100454,PT10320,2026-02-20,2673.85,2
CLM100444,PT10320,2026-02-11,2504.04,3
CLM102036,PT10320,2026-01-24,2075.68,4
CLM102056,PT10323,2026-02-03,-155.77,1
CLM100941,PT10324,2026-01-17,3893.56,1
CLM101405,PT10325,2026-08-14,627.3,1
CLM102434,PT10325,2026-08-07,1900.03,2
CLM100875,PT10325,2026-05-22,3485.42,3
CLM100559,PT10325,2026-04-21,3918.21,4
CLM101725,PT10326,2026-08-04,2805.58,1
CLM101154,PT10326,2026-03-29,1344.17,2
CLM101084,PT10327,2026-08-21,861.73,1
CLM101713,PT10327,2026-04-22,1024.07,2
CLM102238,PT10327,2026-01-07,2817.81,3
CLM102323,PT10328,2026-08-11,2741.57,1
CLM102440,PT10328,2026-01-01,3799.09,2
CLM102827,PT10330,2026-06-17,280.63,1
CLM100638,PT10330,2026-06-05,2458.19,2
CLM101333,PT10340,2026-07-28,3434.2,1
CLM102734,PT10340,2026-06-08,3444.07,2
CLM101788,PT10340,2026-02-10,694.88,3
CLM100899,PT10341,2026-06-21,690.62,1
CLM102428,PT10341,2026-04-08,2857.77,2
CLM102180,PT10342,2026-05-11,2827.35,1
CLM100496,PT10346,2026-04-12,2518.27,1
CLM101715,PT10346,2026-01-30,860.42,2
CLM102068,PT10348,2026-04-20,1127.69,1
CLM101382,PT10348,2026-03-13,1188.53,2
CLM101280,PT10349,2026-04-02,1857.61,1
CLM101314,PT10351,2026-05-12,356.97,1
CLM101895,PT10354,2026-07-28,1271.4,1
CLM102406,PT10354,2026-04-22,3080.94,2
CLM102783,PT10354,2026-01-13,3888.42,3
CLM102457,PT10355,2026-04-29,343.13,1
CLM102460,PT10355,2026-02-15,1559.2,2
CLM102288,PT10357,2026-06-15,1802.14,1
CLM100771,PT10357,2026-06-14,3721.9,2
CLM101038,PT10357,2026-06-07,1599.77,3
CLM101406,PT10359,2026-08-24,3810.21,1
CLM100095,PT10359,2026-08-09,2358.36,2
CLM100551,PT10362,2026-07-28,142.3,1
CLM102347,PT10362,2026-04-22,726.08,2
CLM102633,PT10362,2026-03-22,3274.93,3
CLM100766,PT10362,2026-03-09,1160.79,4
CLM100532,PT10363,2026-04-24,1658.26,1
CLM100641,PT10366,2026-08-10,2852.01,1
CLM100833,PT10366,2026-01-13,2588.05,2
CLM100921,PT10370,2026-01-31,3816.83,1
CLM101311,PT10373,2026-01-19,-2691.49,1
CLM101590,PT10374,2026-06-27,3086.88,1
CLM101774,PT10375,2026-08-01,3167.86,1
CLM100330,PT10375,2026-06-23,1921.81,2
CLM100174,PT10375,2026-05-24,-3625.03,3
CLM100513,PT10376,2026-05-15,1044.54,1
CLM102946,PT10376,2026-01-12,3319.79,2
CLM102525,PT10377,2026-06-13,4128.31,1
CLM100569,PT10380,2026-08-28,2176.48,1
CLM102437,PT10380,2026-03-22,3038.87,2
CLM102362,PT10381,2026-05-29,1487.76,1
CLM100221,PT10382,2026-08-31,726.99,1
CLM101903,PT10382,2026-07-07,3028.9,2
CLM100655,PT10385,2026-07-16,1810.2,1
CLM102093,PT10387,2026-02-02,3300.12,1
CLM100762,PT10388,2026-05-10,1125.51,1
CLM100120,PT10388,2026-01-03,2129.15,2
CLM102018,PT10389,2026-08-19,3491.6,1
CLM101095,PT10389,2026-03-01,2447.23,2
CLM101066,PT10389,2026-02-27,2166.22,3
CLM100529,PT10390,2026-04-21,4026.68,1
CLM101372,PT10392,2026-02-16,4182.71,1
CLM102436,PT10393,2026-04-24,1120.42,1
CLM102486,PT10393,2026-02-04,1348.29,2
CLM102554,PT10394,2026-02-13,657.36,1
CLM101674,PT10395,2026-08-14,867.61,1
CLM101039,PT10396,2026-07-14,4035.28,1
CLM102261,PT10397,2026-06-09,504.51,1
CLM102147,PT10399,2026-06-15,366.34,1
CLM100665,PT10402,2026-08-22,1592.06,1
CLM101179,PT10402,2026-04-28,3275.99,2
CLM101787,PT10402,2026-04-14,1979.12,3
CLM100472,PT10402,2026-01-27,3778.33,4
CLM100341,PT10405,2026-05-03,976.36,1
CLM102502,PT10407,2026-07-01,3214.59,1
CLM101646,PT10408,2026-03-24,1166.57,1
CLM102179,PT10408,2026-02-13,242.59,2
CLM101122,PT10410,2026-01-30,2864.59,1
CLM102473,PT10414,2026-08-02,3290.22,1
CLM100818,PT10415,2026-04-13,127.82,1
CLM102671,PT10415,2026-02-26,3023.21,2
CLM100457,PT10418,2026-03-14,2130.91,1
CLM101471,PT10420,2026-05-12,1424.8,1
CLM101091,PT10420,2026-05-11,2550.56,2
CLM101749,PT10420,2026-03-17,3417.56,3
CLM101157,PT10420,2026-03-12,1857.49,4
CLM101468,PT10420,2026-03-06,1737.45,5
CLM100127,PT10422,2026-05-20,755.32,1
CLM100837,PT10422,2026-04-11,2273.19,2
CLM100400,PT10422,2026-02-04,3425.82,3
CLM102898,PT10423,2026-06-13,1772.89,1
CLM100063,PT10423,2026-03-22,2541.87,2
CLM100790,PT10424,2026-07-10,1476.26,1
CLM100709,PT10424,2026-04-20,1147.62,2
CLM100422,PT10427,2026-07-29,357,1
CLM102769,PT10428,2026-05-21,3510.85,1
CLM102488,PT10429,2026-03-15,1607.43,1
CLM102127,PT10429,2026-02-12,2381.82,2
CLM101521,PT10430,2026-07-16,1280.67,1
CLM101839,PT10433,2026-05-27,648.52,1
CLM100289,PT10435,2026-02-25,264.87,1
CLM101734,PT10436,2026-02-01,845.17,1
CLM101846,PT10437,2026-08-23,2473.75,1
CLM102077,PT10437,2026-04-02,252.12,2
CLM101826,PT10437,2026-03-22,3017.31,3
CLM101141,PT10437,2026-02-18,139.75,4
CLM100467,PT10438,2026-02-19,2697.37,1
CLM100273,PT10440,2026-01-18,2601.01,1
CLM100901,PT10442,2026-04-29,1193.92,1
CLM101878,PT10444,2026-02-12,3716.23,1
CLM102446,PT10445,2026-08-26,1122.49,1
CLM101596,PT10445,2026-04-02,3449.33,2
CLM102699,PT10446,2026-06-08,2062.42,1
CLM100992,PT10446,2026-03-12,2219.69,2
CLM102758,PT10447,2026-06-18,927.78,1
CLM101817,PT10447,2026-03-10,474.18,2
CLM101360,PT10447,2026-01-08,145.02,3
CLM102755,PT10448,2026-07-13,1995.46,1
CLM102950,PT10448,2026-01-26,999.36,2
CLM100628,PT10449,2026-08-31,576.74,1
CLM100107,PT10450,2026-01-16,235.18,1
CLM100252,PT10451,2026-06-23,2168.62,1
CLM101205,PT10453,2026-02-21,1198.45,1
CLM102843,PT10453,2026-01-12,3461.02,2
CLM102058,PT10454,2026-03-20,3455.21,1
CLM102739,PT10459,2026-03-31,3824.81,1
CLM101108,PT10459,2026-02-24,4161,2
CLM102188,PT10461,2026-07-20,2296.43,1
CLM102690,PT10462,2026-02-10,2535.75,1
CLM102499,PT10466,2026-06-27,4043.71,1
CLM100249,PT10466,2026-05-12,539.25,2
CLM102391,PT10466,2026-04-15,1304.61,3
CLM102750,PT10466,2026-02-03,3707.23,4
CLM100191,PT10467,2026-04-24,970.03,1
CLM102998,PT10468,2026-05-09,1474.67,1
CLM100643,PT10469,2026-06-01,3595.49,1
CLM101942,PT10471,2026-05-31,2572.49,1
CLM101649,PT10472,2026-06-24,2181.74,1
CLM101429,PT10472,2026-03-06,1986.04,2
CLM100548,PT10472,2026-02-25,1522.55,3
CLM100979,PT10474,2026-06-05,2188.99,1
CLM101361,PT10475,2026-06-26,1738.59,1
CLM102075,PT10476,2026-06-09,4099.92,1
CLM100981,PT10477,2026-02-01,3733.83,1
CLM102430,PT10478,2026-08-25,3245.96,1
CLM100964,PT10478,2026-01-13,1510.01,2
CLM101561,PT10481,2026-01-18,3655.75,1
CLM102823,PT10483,2026-06-18,3448.23,1
CLM101514,PT10484,2026-07-28,2849.68,1
CLM102835,PT10486,2026-05-21,232.11,1
CLM102708,PT10487,2026-01-19,2863.62,1
CLM101440,PT10488,2026-06-16,1586.54,1
CLM102568,PT10489,2026-08-03,1893.8,1
CLM100527,PT10489,2026-04-24,2527.74,2
CLM101576,PT10489,2026-04-22,1843.06,3
CLM101007,PT10489,2026-02-22,1074.91,4
CLM102798,PT10490,2026-04-13,2434.7,1
CLM102431,PT10490,2026-01-15,3597.84,2
CLM102770,PT10492,2026-04-27,489.48,1
CLM101997,PT10493,2026-08-17,3155.66,1
CLM102475,PT10498,2026-04-29,1854.83,1
CLM101308,PT10499,2026-05-16,3504.14,1
CLM101936,PT10500,2026-06-11,3728.97,1
CLM101513,PT10501,2026-06-19,2863.74,1
CLM102477,PT10501,2026-02-08,313.21,2
CLM100670,PT10502,2026-08-29,807.09,1
CLM101876,PT10505,2026-04-19,898.74,1
CLM102682,PT10506,2026-03-18,3106.89,1
CLM102413,PT10507,2026-01-19,1904.88,1
CLM100581,PT10508,2026-01-30,1452.06,1
CLM100055,PT10510,2026-06-01,2137.29,1
CLM102153,PT10510,2026-05-16,175.76,2
CLM102126,PT10511,2026-01-20,775.02,1
CLM100343,PT10511,2026-01-17,2766.54,2
CLM101457,PT10513,2026-09-01,2976.23,1
CLM102926,PT10515,2026-01-07,2031.96,1
CLM102888,PT10516,2026-05-26,1610.58,1
CLM100623,PT10517,2026-08-10,2323,1
CLM100048,PT10517,2026-07-31,3016.46,2
CLM100791,PT10517,2026-07-07,202.84,3
CLM100164,PT10517,2026-04-29,2371.6,4
CLM102267,PT10518,2026-08-04,2402.3,1
CLM102561,PT10518,2026-03-11,1162.51,2
CLM101670,PT10519,2026-08-07,1987.08,1
CLM100193,PT10519,2026-03-10,1060.56,2
CLM102283,PT10519,2026-03-04,2273.33,3
CLM102718,PT10522,2026-08-19,2968.74,1
CLM101743,PT10525,2026-02-15,2750.77,1
CLM100832,PT10526,2026-04-07,1658.08,1
CLM102593,PT10526,2026-03-16,3442.81,2
CLM100694,PT10527,2026-04-15,2679.7,1
CLM102115,PT10528,2026-03-13,1587.08,1
CLM102417,PT10528,2026-02-16,1183.13,2
CLM100988,PT10529,2026-06-14,1079.58,1
CLM101025,PT10531,2026-06-28,3133.9,1
CLM102844,PT10534,2026-05-29,2338.97,1
CLM100173,PT10535,2026-06-07,2941.96,1
CLM101391,PT10535,2026-03-09,774.34,2
CLM101271,PT10540,2026-04-05,3570.54,1
CLM100466,PT10541,2026-07-13,3661.07,1
CLM102754,PT10541,2026-06-06,1940.94,2
CLM101828,PT10541,2026-01-08,1774.58,3
CLM102361,PT10542,2026-04-30,2102.94,1
CLM100215,PT10542,2026-03-10,2331.91,2
CLM102744,PT10542,2026-02-15,3067.08,3
CLM101642,PT10543,2026-08-03,1382.58,1
CLM100838,PT10543,2026-02-07,3560.78,2
CLM100905,PT10543,2026-01-13,2848.77,3
CLM102257,PT10545,2026-02-09,1951.54,1
CLM102546,PT10546,2026-05-15,2845.42,1
CLM102757,PT10548,2026-04-04,3941.66,1
CLM101549,PT10549,2026-04-29,1172.51,1
CLM100138,PT10550,2026-06-27,1174.35,1
CLM102195,PT10552,2026-06-11,112.48,1
CLM100298,PT10553,2026-05-06,140.96,1
CLM100301,PT10553,2026-05-06,-3442.16,2
CLM102311,PT10554,2026-07-08,4013.63,1
CLM100493,PT10554,2026-07-03,1674.62,2
CLM102120,PT10554,2026-04-23,1831.76,3
CLM101541,PT10555,2026-05-02,3115.41,1
CLM100674,PT10555,2026-04-16,1793.75,2
CLM102725,PT10555,2026-01-31,2811.06,3
CLM101213,PT10557,2026-06-05,3230.83,1
CLM101566,PT10559,2026-07-21,2468.02,1
CLM101801,PT10563,2026-08-01,1579.57,1
CLM100411,PT10563,2026-02-02,3279.45,2
CLM102917,PT10565,2026-06-05,1545.71,1
CLM101209,PT10566,2026-04-20,1875.81,1
CLM102089,PT10568,2026-08-30,4169.32,1
CLM102765,PT10568,2026-07-29,2141.63,2
CLM100219,PT10569,2026-06-22,2364.86,1
CLM101574,PT10570,2026-04-13,3837.38,1
CLM102884,PT10571,2026-04-23,2411.94,1
CLM101844,PT10571,2026-01-04,425.44,2
CLM100433,PT10572,2026-02-17,3540.32,1
CLM101983,PT10573,2026-07-13,1065.51,1
CLM101037,PT10574,2026-06-24,1338.47,1
CLM102009,PT10574,2026-03-01,1009.23,2
CLM102649,PT10574,2026-02-22,2035,3
CLM101635,PT10576,2026-06-22,3080.29,1
CLM102553,PT10576,2026-04-02,3931.62,2
CLM100541,PT10576,2026-02-07,231.62,3
CLM100897,PT10577,2026-05-18,2298.82,1
CLM100034,PT10580,2026-08-16,2537.56,1
CLM101072,PT10582,2026-01-17,-1998.91,1
CLM102626,PT10585,2026-03-09,3055.11,1
CLM100804,PT10586,2026-07-29,2921.75,1
CLM101724,PT10586,2026-05-30,2042.02,2
CLM101544,PT10587,2026-07-10,1545.44,1
CLM100405,PT10587,2026-01-29,1930.47,2
CLM100986,PT10588,2026-04-27,138.49,1
CLM101994,PT10588,2026-01-12,1598.89,2
CLM102784,PT10590,2026-05-13,1823.75,1
CLM101925,PT10591,2026-05-21,2131.99,1
CLM102217,PT10592,2026-07-11,1717.43,1
CLM100202,PT10592,2026-06-07,1426.44,2
CLM100483,PT10593,2026-01-21,261.3,1
CLM100112,PT10594,2026-04-04,4163.28,1
CLM101528,PT10594,2026-01-13,2518.23,2
CLM101659,PT10595,2026-01-24,2550.31,1
CLM101132,PT10596,2026-04-21,1705.64,1
CLM102320,PT10598,2026-08-10,3454.82,1
CLM100377,PT10598,2026-07-20,1670.08,2
CLM101877,PT10598,2026-06-15,1217.85,3
CLM101203,PT10598,2026-05-20,206.86,4
CLM100013,PT10600,2026-04-10,2779.42,1
CLM100533,PT10604,2026-05-18,1346.52,1
CLM101302,PT10605,2026-02-09,1106.6,1
CLM102199,PT10606,2026-04-28,3754.95,1
CLM101459,PT10607,2026-05-01,3176.89,1
CLM101043,PT10607,2026-02-28,263.99,2
CLM101035,PT10608,2026-04-12,2219.56,1
CLM101477,PT10609,2026-05-04,3345.53,1
CLM101607,PT10611,2026-05-17,1998.14,1
CLM101695,PT10611,2026-04-15,2616.1,2
CLM100380,PT10611,2026-01-16,2350.42,3
CLM102373,PT10613,2026-04-21,1964.05,1
CLM100393,PT10615,2026-06-25,609.43,1
CLM102101,PT10615,2026-02-02,2810.49,2
CLM100211,PT10616,2026-03-19,1868.71,1
CLM102334,PT10617,2026-04-10,1565.43,1
CLM101689,PT10618,2026-05-02,3444.68,1
CLM102471,PT10620,2026-04-06,2206.59,1
CLM102511,PT10621,2026-08-14,4013.61,1
CLM100487,PT10623,2026-02-19,3763.2,1
CLM100922,PT10625,2026-08-17,3918.6,1
CLM100632,PT10625,2026-06-10,3525.49,2
CLM100993,PT10625,2026-01-22,2583.75,3
CLM102459,PT10626,2026-07-14,781.29,1
CLM100349,PT10626,2026-04-30,2753.33,2
CLM100814,PT10627,2026-07-15,1676.94,1
CLM101222,PT10629,2026-07-24,1698.97,1
CLM102340,PT10629,2026-01-21,780.76,2
CLM101011,PT10630,2026-01-11,685.02,1
CLM101944,PT10631,2026-07-05,3894.9,1
CLM101390,PT10631,2026-05-15,1019.36,2
CLM100505,PT10634,2026-03-31,1245.45,1
CLM101347,PT10635,2026-04-03,440.89,1
CLM100687,PT10636,2026-01-31,3209.87,1
CLM101277,PT10637,2026-05-20,2949.84,1
CLM100232,PT10637,2026-04-06,2541.54,2
CLM102861,PT10638,2026-03-29,3015.8,1
CLM100658,PT10638,2026-03-16,3197.24,2
CLM100946,PT10639,2026-02-23,3943.55,1
CLM100577,PT10639,2026-01-13,1464.03,2
CLM101888,PT10641,2026-07-28,3236.35,1
CLM100649,PT10641,2026-06-26,3143.64,2
CLM102401,PT10641,2026-05-31,1163.52,3
CLM100292,PT10641,2026-01-28,287.46,4
CLM102345,PT10642,2026-07-07,3667.88,1
CLM102019,PT10642,2026-02-25,4187.94,2
CLM102495,PT10643,2026-07-14,1689.11,1
CLM102216,PT10645,2026-08-14,1580.16,1
CLM100523,PT10645,2026-01-30,4066.54,2
CLM100708,PT10646,2026-06-16,3618.8,1
CLM102515,PT10646,2026-02-26,3788.72,2
CLM100704,PT10647,2026-07-01,237.99,1
CLM101660,PT10647,2026-05-17,3244.42,2
CLM102748,PT10647,2026-01-02,2521.74,3
CLM100188,PT10648,2026-07-06,2052.08,1
CLM102031,PT10648,2026-06-29,1496.57,2
CLM100334,PT10649,2026-07-25,4177.89,1
CLM100578,PT10649,2026-04-29,585.06,2
CLM100798,PT10650,2026-02-01,4039.77,1
CLM100514,PT10650,2026-01-21,2314.81,2
CLM101153,PT10651,2026-08-25,1025.56,1
CLM101224,PT10651,2026-06-11,2358.38,2
CLM101005,PT10651,2026-01-27,1389.3,3
CLM100222,PT10652,2026-07-11,1453.68,1
CLM101225,PT10654,2026-08-30,3675.9,1
CLM100228,PT10654,2026-03-17,3114.75,2
CLM102910,PT10655,2026-01-13,2327.39,1
CLM102091,PT10655,2026-01-10,3763.11,2
CLM101013,PT10658,2026-05-01,2495.9,1
CLM100794,PT10659,2026-02-28,2464.9,1
CLM101303,PT10659,2026-01-21,3357.55,2
CLM100971,PT10661,2026-06-20,870.23,1
CLM100053,PT10661,2026-02-09,1660.5,2
CLM100826,PT10666,2026-08-06,1819.39,1
CLM102146,PT10666,2026-06-29,4015.79,2
CLM102673,PT10668,2026-05-09,1226.36,1
CLM100190,PT10669,2026-06-18,1685.67,1
CLM100114,PT10671,2026-02-25,3457.1,1
CLM101595,PT10675,2026-06-27,3432.08,1
CLM101586,PT10675,2026-05-19,2964.56,2
CLM102358,PT10675,2026-04-14,2186.21,3
CLM101211,PT10675,2026-03-03,3599.87,4
CLM102572,PT10676,2026-03-19,1518.86,1
CLM101860,PT10677,2026-06-01,2821.25,1
CLM101330,PT10678,2026-02-03,4011.59,1
CLM100634,PT10679,2026-07-23,1193.12,1
CLM101643,PT10680,2026-08-05,3852.03,1
CLM101631,PT10682,2026-08-04,104.54,1
CLM101128,PT10683,2026-05-20,857.58,1
CLM101833,PT10683,2026-01-25,263.51,2
CLM100695,PT10684,2026-05-29,2422.34,1
CLM101728,PT10684,2026-03-25,540.25,2
CLM100227,PT10684,2026-02-17,354.55,3
CLM100060,PT10685,2026-08-29,1946.41,1
CLM100591,PT10687,2026-01-07,498.86,1
CLM101401,PT10688,2026-08-09,2233.87,1
CLM100960,PT10689,2026-08-07,2741.39,1
CLM102637,PT10689,2026-07-14,3055,2
CLM101758,PT10689,2026-01-12,2753.57,3
CLM101577,PT10692,2026-05-27,3783.57,1
CLM100663,PT10692,2026-02-02,3120.28,2
CLM100302,PT10693,2026-03-09,2691.57,1
CLM102847,PT10696,2026-04-04,819.1,1
CLM100763,PT10697,2026-06-27,965.77,1
CLM100923,PT10697,2026-04-27,420.36,2
CLM101534,PT10697,2026-04-24,2026.8,3
CLM102226,PT10697,2026-01-10,2834.72,4
CLM102963,PT10698,2026-06-24,1208.53,1
CLM102775,PT10698,2026-01-27,2290.43,2
CLM101569,PT10699,2026-02-12,1054.3,1
CLM100038,PT10700,2026-03-28,1778.33,1
CLM101690,PT10702,2026-04-03,494.77,1
CLM100750,PT10703,2026-07-03,4114.65,1
CLM100983,PT10705,2026-06-10,405.23,1
CLM102809,PT10707,2026-08-11,3990.31,1
CLM102665,PT10707,2026-07-24,4116.34,2
CLM100642,PT10713,2026-08-15,2122.34,1
CLM102617,PT10713,2026-03-15,3166.14,2
CLM102601,PT10714,2026-06-19,1402.26,1
CLM100116,PT10717,2026-04-11,2086.55,1
CLM100204,PT10717,2026-02-20,1056.87,2
CLM101868,PT10717,2026-01-16,97.4,3
CLM100098,PT10719,2026-06-28,2334.07,1
CLM100146,PT10720,2026-07-27,630.81,1
CLM101080,PT10721,2026-05-15,3390.26,1
CLM101798,PT10722,2026-05-11,4190.66,1
CLM102083,PT10722,2026-04-08,2717.96,2
CLM100719,PT10724,2026-06-11,1163.06,1
CLM100753,PT10724,2026-06-01,2503.87,2
CLM100599,PT10726,2026-08-26,3672.72,1
CLM102894,PT10727,2026-06-21,1415.67,1
CLM100619,PT10727,2026-03-17,1306.82,2
CLM102742,PT10729,2026-05-31,2207.48,1
CLM101508,PT10729,2026-01-31,672.21,2
CLM101192,PT10730,2026-08-08,2294.61,1
CLM102693,PT10730,2026-07-16,247.55,2
CLM102388,PT10730,2026-03-18,3980.34,3
CLM102918,PT10732,2026-04-29,202.03,1
CLM101284,PT10733,2026-05-10,2992.84,1
CLM102856,PT10734,2026-06-04,1703.59,1
CLM101410,PT10735,2026-08-20,712.6,1
CLM100684,PT10738,2026-05-17,2010.54,1
CLM102028,PT10738,2026-04-16,2347.82,2
CLM101796,PT10738,2026-01-05,3234.29,3
CLM101946,PT10742,2026-02-04,3119.82,1
CLM102897,PT10745,2026-08-26,3852.68,1
CLM102386,PT10745,2026-08-25,3924.91,2
CLM102178,PT10746,2026-06-20,1486.64,1
CLM100040,PT10747,2026-05-15,327.87,1
CLM101662,PT10748,2026-04-02,1347.39,1
CLM102923,PT10749,2026-01-15,1638.7,1
CLM102455,PT10750,2026-04-03,1368.06,1
CLM100498,PT10752,2026-04-28,2695.17,1
CLM102371,PT10752,2026-04-23,2503.63,2
CLM100373,PT10753,2026-04-11,1672.6,1
CLM101898,PT10753,2026-03-13,560.56,2
CLM101325,PT10754,2026-03-13,3613.29,1
CLM100812,PT10757,2026-04-26,1475.99,1
CLM102573,PT10758,2026-05-23,2522.85,1
CLM102335,PT10760,2026-08-16,1495.22,1
CLM102375,PT10761,2026-01-29,3938.88,1
CLM102741,PT10762,2026-05-07,309.76,1
CLM101056,PT10764,2026-04-25,1943.85,1
CLM101389,PT10765,2026-04-08,759.55,1
CLM102727,PT10766,2026-05-30,4133.83,1
CLM101078,PT10766,2026-02-10,-1957.62,2
CLM102465,PT10767,2026-06-11,2576.69,1
CLM100206,PT10771,2026-07-28,3616.99,1
CLM102579,PT10771,2026-04-14,1964.78,2
CLM102654,PT10772,2026-01-06,3797.23,1
CLM100354,PT10773,2026-06-03,682.06,1
CLM100381,PT10773,2026-03-30,1947.99,2
CLM102062,PT10774,2026-05-28,4106.32,1
CLM100572,PT10776,2026-06-14,2839.34,1
CLM101076,PT10776,2026-03-18,3012.41,2
CLM101874,PT10776,2026-03-16,371.26,3
CLM102066,PT10778,2026-08-07,1337.82,1
CLM100012,PT10780,2026-04-14,3755.39,1
CLM102672,PT10781,2026-02-08,2274.49,1
CLM101100,PT10781,2026-01-27,2786.44,2
CLM100051,PT10783,2026-06-23,3881.26,1
CLM102866,PT10783,2026-05-22,1671.82,2
CLM102689,PT10784,2026-02-15,1224.82,1
CLM101465,PT10786,2026-05-24,1098.28,1
CLM100656,PT10787,2026-01-17,154.56,1
CLM100505,PT10792,2026-03-16,3663.09,1
CLM101430,PT10793,2026-05-21,3313.75,1
CLM101917,PT10793,2026-05-11,869.25,2
CLM102398,PT10794,2026-08-24,1638.97,1
CLM101904,PT10794,2026-02-16,288.83,2
CLM100443,PT10795,2026-05-30,849.02,1
CLM102570,PT10795,2026-04-28,768.85,2
CLM100071,PT10796,2026-04-13,723.7,1
CLM101819,PT10797,2026-05-28,287.35,1
CLM101517,PT10797,2026-05-04,2399.88,2
CLM101478,PT10798,2026-02-10,1027.44,1
CLM101744,PT10800,2026-05-08,2655.31,1
CLM101824,PT10800,2026-01-28,2890.26,2
CLM100836,PT10801,2026-03-04,1214.49,1
CLM101786,PT10802,2026-08-14,3137.61,1
CLM102309,PT10802,2026-06-29,628.61,2
CLM102072,PT10804,2026-07-29,3665.58,1
CLM100367,PT10805,2026-04-15,2749.64,1
CLM102203,PT10805,2026-03-07,1641.02,2
CLM100264,PT10806,2026-02-03,1384.02,1
CLM100079,PT10809,2026-07-08,3335.31,1
CLM100407,PT10809,2026-05-29,2204.96,2
CLM102189,PT10809,2026-03-16,1352.03,3
CLM101409,PT10810,2026-04-06,1807.73,1
CLM101599,PT10813,2026-05-29,461.16,1
CLM101068,PT10813,2026-05-10,1572.32,2
CLM100841,PT10813,2026-04-20,302.05,3
CLM102651,PT10813,2026-04-01,2077.3,4
CLM100835,PT10814,2026-03-12,1102.73,1
CLM101113,PT10816,2026-04-15,3914.38,1
CLM100445,PT10817,2026-08-19,2415.75,1
CLM101172,PT10819,2026-02-07,1767.2,1
CLM101235,PT10820,2026-04-06,2401.54,1
CLM101461,PT10820,2026-01-09,2798.69,2
CLM101435,PT10822,2026-07-15,1577.22,1
CLM100650,PT10823,2026-02-26,302.31,1
CLM102538,PT10824,2026-07-08,3785.24,1
CLM101560,PT10825,2026-07-06,3663.29,1
CLM102114,PT10825,2026-01-13,2583.2,2
CLM102969,PT10826,2026-08-04,2205.95,1
CLM101553,PT10826,2026-06-05,1643.88,2
CLM102207,PT10828,2026-06-07,3313.36,1
CLM102569,PT10828,2026-02-04,4065.65,2
CLM101396,PT10829,2026-05-03,3489.57,1
CLM102721,PT10829,2026-04-28,120.03,2
CLM102342,PT10830,2026-01-07,1634.44,1
CLM102761,PT10833,2026-08-19,206.55,1
CLM101563,PT10833,2026-01-31,895.82,2
CLM100563,PT10834,2026-04-13,3385.76,1
CLM102298,PT10836,2026-05-20,1878.11,1
CLM101991,PT10838,2026-04-17,1020.05,1
CLM100987,PT10839,2026-08-15,3202.42,1
CLM102533,PT10839,2026-07-13,846.99,2
CLM102752,PT10839,2026-03-28,3266.58,3
CLM102952,PT10840,2026-06-17,1860.69,1
CLM100192,PT10841,2026-06-29,1014.8,1
CLM102793,PT10841,2026-03-14,1479.9,2
CLM100973,PT10842,2026-07-12,3485.82,1
CLM100827,PT10842,2026-04-25,107.9,2
CLM102674,PT10842,2026-04-03,2903.51,3
CLM101714,PT10844,2026-04-25,917.74,1
CLM100813,PT10845,2026-03-29,1279.97,1
CLM102023,PT10846,2026-03-15,1965.26,1
CLM100256,PT10846,2026-02-08,2590.12,2
CLM101451,PT10847,2026-05-17,1197.91,1
CLM102143,PT10847,2026-02-06,3048.46,2
CLM100779,PT10848,2026-03-27,1292.52,1
CLM102962,PT10849,2026-07-30,4063.89,1
CLM102836,PT10849,2026-05-22,792.65,2
CLM101892,PT10849,2026-02-05,319.91,3
CLM101953,PT10850,2026-08-09,3852.4,1
CLM100975,PT10850,2026-05-23,1571.01,2
CLM101259,PT10852,2026-06-09,2951.05,1
CLM102679,PT10852,2026-05-14,-2301.49,2
CLM100003,PT10852,2026-02-15,3459.58,3
CLM100492,PT10855,2026-08-28,3480.19,1
CLM102476,PT10857,2026-06-02,1783.98,1
CLM101808,PT10857,2026-01-13,2702.98,2
CLM102156,PT10859,2026-04-04,353.68,1
CLM101424,PT10860,2026-06-23,117,1
CLM102027,PT10860,2026-05-31,2811.32,2
CLM100248,PT10860,2026-05-08,210.09,3
CLM102560,PT10860,2026-04-08,2699.9,4
CLM101283,PT10863,2026-02-28,4162.05,1
CLM102052,PT10864,2026-05-26,2801.87,1
CLM101778,PT10864,2026-01-07,3770.4,2
CLM102735,PT10868,2026-06-28,666.65,1
CLM100198,PT10868,2026-06-14,1963.65,2
CLM101756,PT10868,2026-03-16,2267.07,3
CLM100958,PT10870,2026-04-23,2895.94,1
CLM101103,PT10870,2026-03-10,1457.77,2
CLM102836,PT10872,2026-05-29,4163.09,1
CLM102678,PT10874,2026-03-22,4105.56,1
CLM101988,PT10875,2026-04-10,2129.02,1
CLM101772,PT10878,2026-05-02,3660.22,1
CLM101186,PT10880,2026-06-02,2483.09,1
CLM102487,PT10880,2026-05-21,3432.34,2
CLM101735,PT10880,2026-04-07,1635.56,3
CLM100738,PT10882,2026-06-01,368.44,1
CLM100183,PT10884,2026-07-12,2579.02,1
CLM101258,PT10887,2026-06-16,1283.57,1
CLM101550,PT10890,2026-02-12,348.87,1
CLM102664,PT10892,2026-08-04,1443.25,1
CLM100035,PT10892,2026-02-19,211.3,2
CLM101940,PT10894,2026-08-04,2246.56,1
CLM100403,PT10895,2026-06-13,3589.65,1
CLM100469,PT10896,2026-02-03,113.22,1
CLM100103,PT10896,2026-01-18,2145.47,2
CLM102006,PT10897,2026-07-15,3331.39,1
CLM101523,PT10899,2026-06-16,1239.03,1
CLM101155,PT10902,2026-05-05,1693.47,1
CLM102172,PT10904,2026-02-18,2215.61,1
CLM102710,PT10906,2026-07-09,2119.69,1
CLM101040,PT10906,2026-03-19,4057.58,2
CLM102260,PT10907,2026-06-16,2968.82,1
CLM100257,PT10908,2026-05-25,1875.95,1
CLM102444,PT10910,2026-08-25,3698.6,1
CLM100630,PT10910,2026-02-17,2662.29,2
CLM101023,PT10911,2026-04-25,1158.23,1
CLM101843,PT10912,2026-07-13,2264.81,1
CLM100072,PT10912,2026-01-18,467.9,2
CLM102344,PT10913,2026-08-04,1365.47,1
CLM101144,PT10913,2026-08-04,2459.05,2
CLM100629,PT10913,2026-07-07,429.4,3
CLM101842,PT10916,2026-07-19,738,1
CLM101262,PT10917,2026-06-02,3086.56,1
CLM100999,PT10918,2026-08-17,3277.95,1
CLM100904,PT10919,2026-08-10,3049.17,1
CLM100602,PT10919,2026-07-28,3908.35,2
CLM102010,PT10919,2026-05-14,3815.48,3
CLM101150,PT10920,2026-01-25,3222.06,1
CLM101883,PT10921,2026-08-07,512.42,1
CLM102378,PT10921,2026-02-04,2399.34,2
CLM101509,PT10922,2026-08-31,205.4,1
CLM102646,PT10922,2026-02-21,2393.07,2
CLM100081,PT10922,2026-01-15,2737.27,3
CLM102045,PT10923,2026-02-28,2799.56,1
CLM102738,PT10923,2026-01-31,1058.24,2
CLM101170,PT10924,2026-04-17,1650.58,1
CLM102168,PT10924,2026-02-16,274.18,2
CLM100008,PT10926,2026-08-04,169.55,1
CLM102506,PT10927,2026-08-24,3062.85,1
CLM101337,PT10928,2026-05-28,2259.34,1
CLM101539,PT10928,2026-01-31,3242.03,2
CLM101900,PT10930,2026-03-24,3146.84,1
CLM101081,PT10930,2026-01-24,1957.6,2
CLM102816,PT10931,2026-03-31,605.87,1
CLM100300,PT10931,2026-01-03,1100.74,2
CLM102119,PT10932,2026-01-07,2734.86,1
CLM101293,PT10933,2026-07-07,2564.23,1
CLM100061,PT10933,2026-02-04,1374.17,2
CLM101044,PT10934,2026-06-06,407.42,1
CLM101261,PT10935,2026-07-14,733.12,1
CLM101223,PT10936,2026-04-25,349.87,1
CLM100732,PT10938,2026-05-17,3021.01,1
CLM100534,PT10940,2026-05-15,2110.28,1
CLM101102,PT10941,2026-08-06,594.06,1
CLM100263,PT10942,2026-07-25,265.58,1
CLM101240,PT10942,2026-07-18,2012.76,2
CLM101397,PT10942,2026-03-20,-3790.3,3
CLM101956,PT10942,2026-01-30,4180.46,4
CLM102999,PT10944,2026-08-02,3580.5,1
CLM100583,PT10945,2026-07-21,1553.61,1
CLM101319,PT10945,2026-03-02,555.15,2
CLM102005,PT10945,2026-02-03,4176.62,3
CLM102154,PT10946,2026-05-29,1977.8,1
CLM101699,PT10947,2026-05-07,3347.9,1
CLM100068,PT10950,2026-07-31,3610.15,1
CLM101282,PT10950,2026-07-22,2842.86,2
CLM101067,PT10950,2026-07-10,1928.04,3
CLM100909,PT10950,2026-04-06,630.23,4
CLM102642,PT10951,2026-05-18,2802.63,1
CLM100214,PT10953,2026-01-26,2269.29,1
CLM100734,PT10955,2026-02-16,1195.61,1
CLM100802,PT10956,2026-07-11,1825.84,1
CLM102759,PT10958,2026-06-17,1050.72,1
CLM100885,PT10958,2026-04-29,420.7,2
CLM100417,PT10958,2026-04-15,3776.01,3
CLM102123,PT10960,2026-05-07,2764.46,1
CLM101059,PT10961,2026-06-22,2625.35,1
CLM102720,PT10961,2026-06-04,3988.16,2
CLM101764,PT10961,2026-02-03,295.5,3
CLM101296,PT10964,2026-04-14,485.43,1
CLM102907,PT10964,2026-04-06,2969.42,2
CLM102495,PT10965,2026-07-09,3546.77,1
CLM102623,PT10965,2026-04-17,2606.41,2
CLM102300,PT10966,2026-06-17,576.34,1
CLM102065,PT10966,2026-06-16,1102.06,2
CLM100783,PT10967,2026-03-30,766.85,1
CLM101589,PT10969,2026-05-18,822.28,1
CLM100609,PT10969,2026-04-29,2108.5,2
CLM102314,PT10970,2026-04-28,3997.71,1
CLM102228,PT10971,2026-01-11,2686.17,1
CLM102393,PT10972,2026-03-13,2662.44,1
CLM100604,PT10975,2026-04-15,2063.07,1
CLM102292,PT10976,2026-06-18,635.01,1
CLM100477,PT10976,2026-06-16,3298.78,2
CLM100854,PT10976,2026-03-07,4128.19,3
CLM101902,PT10977,2026-08-21,1753.08,1
CLM102873,PT10980,2026-04-24,2432.7,1
CLM102915,PT10980,2026-02-06,1912.94,2
CLM102944,PT10981,2026-01-24,511.57,1
CLM100391,PT10984,2026-02-25,2189.33,1
CLM100930,PT10988,2026-08-30,4035.94,1
CLM100625,PT10988,2026-08-07,1774.56,2
CLM101489,PT10988,2026-05-06,2199.55,3
CLM101320,PT10989,2026-05-10,3007.21,1
CLM101970,PT10990,2026-05-02,2977.89,1
CLM100279,PT10991,2026-01-30,3017.78,1
CLM101363,PT10993,2026-03-15,363.76,1
CLM102905,PT10994,2026-02-02,1570.17,1
CLM101603,PT10996,2026-02-08,1751.33,1
CLM100022,PT10997,2026-04-23,2366.08,1
CLM101474,PT10998,2026-06-26,2686.58,1
CLM102893,PT11000,2026-06-27,3850.07,1
CLM102728,PT11002,2026-08-17,2670.91,1
CLM100126,PT11002,2026-06-08,3729.28,2
CLM100102,PT11003,2026-03-02,3650.32,1
CLM102255,PT11004,2026-07-31,3740.63,1
CLM101585,PT11005,2026-01-06,2578.72,1
CLM100939,PT11008,2026-05-26,524.78,1
CLM102597,PT11008,2026-04-04,3147.17,2
CLM100539,PT11009,2026-07-31,4116.79,1
CLM101017,PT11009,2026-07-16,1127.55,2
CLM100155,PT11010,2026-08-15,-2077.75,1
CLM102016,PT11010,2026-02-20,324.42,2
CLM101207,PT11012,2026-03-03,4025.2,1
CLM100275,PT11013,2026-08-04,586.92,1
CLM100322,PT11013,2026-04-20,417.95,2
CLM102389,PT11015,2026-08-10,740.3,1
CLM100749,PT11016,2026-05-17,1512.9,1
CLM101962,PT11018,2026-02-19,2087.96,1
CLM100927,PT11020,2026-06-02,1373.09,1
CLM101700,PT11020,2026-03-07,1795.98,2
CLM101484,PT11021,2026-07-03,2569.89,1
CLM100324,PT11021,2026-05-09,2597.39,2
CLM101627,PT11023,2026-01-18,2317.37,1
CLM101720,PT11024,2026-04-20,2756.87,1
CLM100603,PT11024,2026-02-03,3510.67,2
CLM100345,PT11025,2026-07-02,715.09,1
CLM101001,PT11027,2026-04-07,2136.37,1
CLM101354,PT11029,2026-06-19,717.74,1
CLM100090,PT11029,2026-03-31,3063.54,2
CLM102620,PT11029,2026-01-27,2724.87,3
CLM101955,PT11030,2026-06-10,3935.82,1
CLM100084,PT11032,2026-06-16,682.99,1
CLM100645,PT11032,2026-01-29,3759.18,2
CLM102236,PT11032,2026-01-17,3134.65,3
CLM100839,PT11033,2026-08-20,3543.13,1
CLM100668,PT11034,2026-06-02,2748.54,1
CLM100076,PT11035,2026-07-24,2604.32,1
CLM102801,PT11035,2026-03-13,2493.91,2
CLM101912,PT11036,2026-04-22,2095.84,1
CLM100316,PT11036,2026-03-21,3401.58,2
CLM101676,PT11038,2026-08-05,2449.75,1
CLM101265,PT11041,2026-04-04,1127.32,1
CLM100105,PT11042,2026-07-31,4186.9,1
CLM102965,PT11044,2026-06-26,1847.95,1
CLM101351,PT11044,2026-05-12,358.01,2
CLM101680,PT11044,2026-05-05,3365.81,3
CLM102791,PT11046,2026-05-06,1163.39,1
CLM102550,PT11047,2026-01-15,2752.16,1
CLM102252,PT11048,2026-01-27,2633.72,1
CLM101815,PT11049,2026-01-30,3332.47,1
CLM102956,PT11051,2026-03-22,2604.09,1
CLM100277,PT11052,2026-06-15,1775.75,1
CLM102299,PT11052,2026-04-20,1399.87,2
CLM101161,PT11052,2026-01-28,2929.66,3
CLM102041,PT11053,2026-07-05,4025.55,1
CLM101101,PT11055,2026-02-01,1827,1
CLM101242,PT11057,2026-03-28,2167.57,1
CLM100151,PT11058,2026-01-16,445.94,1
CLM102109,PT11059,2026-02-26,2212.89,1
CLM102369,PT11061,2026-08-05,181.64,1
CLM100253,PT11063,2026-08-09,165.3,1
CLM100225,PT11065,2026-01-22,112.31,1
CLM101671,PT11067,2026-04-22,1814.66,1
CLM102704,PT11067,2026-02-15,1598.6,2
CLM102022,PT11068,2026-08-24,1093.38,1
CLM102132,PT11068,2026-07-23,3608.6,2
CLM102508,PT11069,2026-03-30,297.66,1
CLM100099,PT11073,2026-07-01,3309.33,1
CLM100092,PT11075,2026-06-27,155.4,1
CLM100453,PT11076,2026-08-28,3471.84,1
CLM100566,PT11076,2026-02-26,3997.54,2
CLM102871,PT11077,2026-01-11,1216.13,1
CLM100280,PT11082,2026-03-03,122.73,1
CLM101292,PT11083,2026-08-18,3551.98,1
CLM101634,PT11083,2026-04-17,998.4,2
CLM101322,PT11083,2026-01-21,912.48,3
CLM100560,PT11087,2026-07-10,172.24,1
CLM101464,PT11087,2026-01-05,1568.26,2
CLM101698,PT11088,2026-08-26,3088.46,1
CLM100431,PT11088,2026-03-05,3703.88,2
CLM101617,PT11090,2026-05-14,3413.39,1
CLM100212,PT11097,2026-06-29,1636.26,1
CLM101636,PT11097,2026-05-12,1097.51,2
CLM100554,PT11097,2026-01-24,1929,3
CLM100482,PT11097,2026-01-14,270.94,4
CLM100371,PT11099,2026-06-06,555.45,1
CLM101806,PT11100,2026-08-14,2257.94,1
CLM102263,PT11100,2026-04-03,2154.39,2
CLM100675,PT11102,2026-08-03,1450.57,1
CLM101797,PT11102,2026-05-06,2910.12,2
CLM100131,PT11103,2026-05-13,2398.16,1
CLM100207,PT11104,2026-06-17,3389.05,1
CLM102125,PT11104,2026-03-19,1015.55,2
CLM100500,PT11107,2026-05-20,3608.97,1
CLM101090,PT11112,2026-07-08,1401.77,1
CLM102828,PT11112,2026-06-25,1228.24,2
CLM102346,PT11112,2026-06-22,101.55,3
CLM102711,PT11114,2026-08-21,2849.06,1
CLM100282,PT11114,2026-04-24,1370.1,2
CLM100347,PT11115,2026-03-10,382.1,1
CLM101452,PT11116,2026-04-24,3689.66,1
CLM101373,PT11119,2026-08-30,926.18,1
CLM102521,PT11121,2026-07-30,3771.99,1
CLM101891,PT11121,2026-05-14,3308.13,2
CLM101110,PT11121,2026-03-04,4047.84,3
CLM100450,PT11122,2026-07-09,1234.53,1
CLM100587,PT11123,2026-07-23,2787.4,1
CLM100224,PT11123,2026-02-03,3831.76,2
CLM101653,PT11124,2026-08-03,1322.43,1
CLM101169,PT11124,2026-07-19,1564.43,2
CLM101672,PT11124,2026-01-20,338,3
CLM100782,PT11125,2026-08-08,3497.34,1
CLM100052,PT11126,2026-05-14,2700.6,1
CLM100042,PT11126,2026-02-21,2569.28,2
CLM101082,PT11127,2026-04-28,3012.45,1
CLM102870,PT11129,2026-03-06,3243.45,1
CLM102192,PT11130,2026-04-16,2391.48,1
CLM102831,PT11131,2026-04-19,4084.81,1
CLM101510,PT11135,2026-07-07,435.32,1
CLM101085,PT11135,2026-02-14,1152.47,2
CLM102975,PT11138,2026-05-15,1699.22,1
CLM101847,PT11138,2026-01-15,3769.6,2
CLM102707,PT11139,2026-01-21,433.84,1
CLM101537,PT11141,2026-07-19,2626.57,1
CLM102218,PT11142,2026-08-12,1197.09,1
CLM100408,PT11142,2026-03-08,954.69,2
CLM102938,PT11144,2026-07-23,926.92,1
CLM100511,PT11144,2026-04-07,2535.74,2
CLM101111,PT11144,2026-03-04,1649.02,3
CLM101733,PT11145,2026-08-24,889.07,1
CLM102212,PT11146,2026-08-29,2875.78,1
CLM100828,PT11146,2026-03-22,2327.34,2
CLM102144,PT11147,2026-04-18,3004.29,1
CLM100759,PT11147,2026-03-06,2236.37,2
CLM102496,PT11149,2026-07-16,492.7,1
CLM100434,PT11149,2026-04-08,441.98,2
CLM102834,PT11149,2026-03-31,599.31,3
CLM100690,PT11149,2026-03-08,4149.21,4
CLM100461,PT11151,2026-02-20,1085.17,1
CLM102219,PT11152,2026-03-22,1549.06,1
CLM100747,PT11152,2026-02-09,2402.15,2
CLM101014,PT11153,2026-02-14,2821.09,1
CLM101923,PT11154,2026-04-21,3259,1
CLM101355,PT11155,2026-05-20,2280.17,1
CLM101532,PT11156,2026-08-31,3454.32,1
CLM101639,PT11159,2026-03-30,2989.84,1
CLM101666,PT11159,2026-03-27,2441.42,2
CLM101313,PT11159,2026-03-09,4198.11,3
CLM101096,PT11159,2026-01-24,1034.04,4
CLM102316,PT11160,2026-05-30,2671.83,1
CLM102943,PT11162,2026-07-28,258.93,1
CLM100689,PT11162,2026-02-21,3763.22,2
CLM102978,PT11163,2026-04-16,2651.94,1
CLM100931,PT11164,2026-06-13,2553.07,1
CLM101149,PT11165,2026-02-25,1367.01,1
CLM102695,PT11166,2026-06-22,2464.44,1
CLM102194,PT11167,2026-06-17,3108.65,1
CLM102352,PT11167,2026-03-10,3363.08,2
CLM100415,PT11168,2026-06-12,2421.83,1
CLM100017,PT11168,2026-05-04,1417.27,2
CLM101587,PT11168,2026-03-31,332.26,3
CLM100953,PT11168,2026-01-12,2334.7,4
CLM101160,PT11169,2026-08-02,2375.63,1
CLM101601,PT11170,2026-04-07,1834.99,1
CLM100586,PT11171,2026-08-07,851.16,1
CLM101237,PT11171,2026-07-30,2191.13,2
CLM102443,PT11171,2026-05-17,1784.45,3
CLM101453,PT11171,2026-02-20,3005.57,4
CLM102462,PT11173,2026-06-28,2172.92,1
CLM100705,PT11174,2026-05-17,4011.88,1
CLM102709,PT11175,2026-03-25,1805.17,1
CLM102563,PT11175,2026-03-19,996.74,2
CLM100437,PT11175,2026-03-06,95.01,3
CLM101368,PT11176,2026-03-13,1914.21,1
CLM100972,PT11178,2026-02-22,2029.93,1
CLM101926,PT11179,2026-04-14,904.97,1
CLM100342,PT11180,2026-08-10,3952.34,1
CLM101909,PT11181,2026-05-25,4111.66,1
CLM100328,PT11181,2026-04-20,1989.13,2
CLM101357,PT11182,2026-08-21,2235.52,1
CLM101704,PT11183,2026-09-01,410.8,1
CLM101133,PT11184,2026-01-21,4152.95,1
CLM100488,PT11186,2026-05-06,1460.19,1
CLM100216,PT11186,2026-04-08,816.51,2
CLM100522,PT11189,2026-05-16,3614.67,1
CLM100243,PT11191,2026-02-09,2893.95,1
CLM102951,PT11192,2026-06-23,1584.17,1
CLM100820,PT11193,2026-07-17,2704.87,1
CLM100087,PT11197,2026-07-26,3353.07,1
CLM100542,PT11197,2026-05-25,1353.38,2
CLM102736,PT11199,2026-01-16,3090.2,1
CLM101866,PT11200,2026-07-16,531.37,1
CLM101030,PT11200,2026-02-03,3550.93,2
CLM100414,PT11201,2026-07-04,3870.9,1
CLM102914,PT11202,2026-01-06,3341.74,1
CLM100911,PT11203,2026-03-06,867.08,1
CLM101502,PT11203,2026-02-27,1108.48,2
CLM100327,PT11204,2026-08-02,564.06,1
CLM101171,PT11204,2026-06-13,1897.77,2
CLM101937,PT11205,2026-07-02,1058.57,1
CLM101208,PT11205,2026-03-20,2435.71,2
CLM101033,PT11205,2026-02-24,3032.74,3
CLM102425,PT11206,2026-05-20,2146.15,1
CLM102069,PT11210,2026-01-09,1773.38,1
CLM100491,PT11211,2026-08-19,3006.2,1
CLM102407,PT11215,2026-05-20,1198.89,1
CLM100614,PT11216,2026-08-12,631.03,1
CLM102653,PT11216,2026-07-02,2352.03,2
CLM101070,PT11216,2026-04-12,431.36,3
CLM100376,PT11217,2026-02-27,3012.57,1
CLM102787,PT11217,2026-01-23,1709.47,2
CLM101531,PT11218,2026-08-24,2446.96,1
CLM100913,PT11218,2026-02-05,2587.47,2
CLM102501,PT11219,2026-06-05,1613.01,1
CLM101849,PT11219,2026-04-26,3210.7,2
CLM100045,PT11219,2026-04-23,2530.27,3
CLM100825,PT11219,2026-03-22,377.47,4
CLM102275,PT11219,2026-02-21,3439.45,5
CLM102094,PT11220,2026-06-19,1095.15,1
CLM100894,PT11220,2026-04-16,4141.18,2
CLM101791,PT11221,2026-01-18,2096.66,1
CLM102702,PT11222,2026-07-09,3314.26,1
CLM101722,PT11223,2026-02-21,793.39,1
CLM101779,PT11223,2026-02-01,1105.67,2
CLM101077,PT11224,2026-03-14,3167.15,1
CLM100968,PT11226,2026-08-07,1633.48,1
CLM101588,PT11226,2026-01-25,1227.3,2
CLM101959,PT11228,2026-01-29,3142.13,1
CLM100259,PT11229,2026-08-19,2477.2,1
CLM100924,PT11230,2026-06-15,3941.72,1
CLM102990,PT11232,2026-01-21,4061.83,1
CLM100499,PT11233,2026-02-25,3785.98,1
CLM101579,PT11234,2026-06-28,1134.98,1
CLM102256,PT11234,2026-05-09,3642.54,2
CLM100938,PT11236,2026-07-15,1314.54,1
CLM102258,PT11239,2026-08-01,678.28,1
CLM100261,PT11240,2026-08-14,1313.35,1
CLM100027,PT11240,2026-02-17,1253.84,2
CLM102424,PT11241,2026-03-09,630.97,1
CLM102343,PT11241,2026-01-19,1939.54,2
CLM101582,PT11242,2026-04-15,938.58,1
CLM102282,PT11244,2026-05-23,2356.24,1
CLM102526,PT11244,2026-05-09,3707.3,2
CLM100251,PT11244,2026-03-27,2160.72,3
CLM101279,PT11245,2026-06-05,3351.43,1
CLM100210,PT11246,2026-06-09,2627.59,1
CLM101034,PT11247,2026-02-11,2818.78,1
CLM100536,PT11250,2026-02-14,1526.66,1
CLM101551,PT11251,2026-06-20,4132.89,1
CLM102977,PT11251,2026-06-01,729.3,2
CLM100526,PT11252,2026-08-22,3177.42,1
CLM100265,PT11252,2026-03-14,1219.23,2
CLM100057,PT11256,2026-08-05,3138.01,1
CLM101398,PT11256,2026-06-19,2844.43,2
CLM100166,PT11256,2026-03-01,3440.15,3
CLM102892,PT11258,2026-08-29,4180.29,1
CLM101380,PT11258,2026-01-06,2148.79,2
CLM102162,PT11259,2026-04-07,1508.79,1
CLM102429,PT11259,2026-02-09,3960.69,2
CLM101123,PT11262,2026-06-26,848.93,1
CLM102858,PT11265,2026-02-27,553.63,1
CLM100323,PT11267,2026-07-05,2878.94,1
CLM102058,PT11267,2026-01-20,735.93,2
CLM102869,PT11268,2026-05-30,3687.56,1
CLM100729,PT11268,2026-04-26,1311.42,2
CLM102799,PT11268,2026-02-16,3029.52,3
CLM102606,PT11268,2026-01-19,3155.4,4
CLM102213,PT11268,2026-01-10,1145.82,5
CLM100531,PT11269,2026-06-14,3916.87,1
CLM102859,PT11274,2026-04-30,3762.71,1
CLM102955,PT11274,2026-02-25,724.85,2
CLM101562,PT11274,2026-02-25,2369.66,3
CLM100933,PT11275,2026-03-23,2278.42,1
CLM101967,PT11276,2026-07-18,3863.61,1
CLM102848,PT11276,2026-06-01,3775.27,2
CLM101189,PT11277,2026-02-27,189.18,1
CLM101346,PT11279,2026-03-31,3618.62,1
CLM100567,PT11279,2026-03-11,90.15,2
CLM100676,PT11279,2026-01-09,1545.39,3
CLM101650,PT11280,2026-08-21,3747.34,1
CLM102940,PT11280,2026-07-02,2949.24,2
CLM101918,PT11280,2026-05-16,254.39,3
CLM102224,PT11280,2026-05-05,3371.74,4
CLM100269,PT11281,2026-08-22,1235.14,1
CLM100132,PT11281,2026-07-17,2387.4,2
CLM102814,PT11281,2026-03-11,3956.87,3
CLM100396,PT11283,2026-05-13,955.72,1
CLM100158,PT11283,2026-05-11,2883.01,2
CLM100029,PT11284,2026-08-05,3741.19,1
CLM102163,PT11284,2026-08-03,3030.67,2
CLM101716,PT11284,2026-05-16,3640.12,3
CLM102336,PT11284,2026-02-05,3467.01,4
CLM101873,PT11287,2026-04-11,2744.13,1
CLM102661,PT11288,2026-07-10,2119.24,1
CLM102928,PT11289,2026-06-17,3429.64,1
CLM102743,PT11289,2026-04-30,3280.43,2
CLM102705,PT11290,2026-06-07,482.41,1
CLM100824,PT11290,2026-03-09,2839.88,2
CLM100697,PT11290,2026-02-20,3832.25,3
CLM100596,PT11294,2026-08-15,535.87,1
CLM102692,PT11294,2026-01-16,682.28,2
CLM101980,PT11294,2026-01-14,3614.98,3
CLM102878,PT11296,2026-01-26,3589.2,1
CLM101469,PT11297,2026-05-07,790.34,1
CLM101910,PT11301,2026-08-28,-157.57,1
CLM102510,PT11307,2026-01-11,1351.61,1
CLM102920,PT11308,2026-07-07,1573.64,1
CLM101755,PT11308,2026-03-16,1553.39,2
CLM102185,PT11309,2026-07-27,3519.58,1
CLM101489,PT11310,2026-08-14,862.93,1
CLM101092,PT11311,2026-08-17,1861.02,1
CLM100119,PT11311,2026-06-13,2461.15,2
CLM102578,PT11314,2026-08-25,505.91,1
CLM102634,PT11314,2026-07-17,1750.32,2
CLM102414,PT11315,2026-01-10,4113.62,1
CLM102640,PT11316,2026-04-12,-1443.16,1
CLM102996,PT11317,2026-08-11,254.9,1
CLM100217,PT11320,2026-06-29,2401.14,1
CLM100515,PT11321,2026-08-14,2206.75,1
CLM101365,PT11322,2026-07-30,3907.96,1
CLM100255,PT11324,2026-06-06,2569.59,1
CLM100026,PT11326,2026-08-24,955.48,1
CLM102657,PT11326,2026-03-15,2471.59,2
CLM100869,PT11326,2026-01-26,1577.24,3
CLM101198,PT11327,2026-04-30,3698.32,1
CLM100582,PT11327,2026-03-07,1693.06,2
CLM101289,PT11329,2026-08-09,434.93,1
CLM102737,PT11330,2026-04-04,1360.4,1
CLM102618,PT11332,2026-02-06,1405.12,1
CLM102803,PT11332,2026-01-14,2507.44,2
CLM101247,PT11333,2026-05-01,2013.44,1
CLM100335,PT11334,2026-08-14,1896.31,1
CLM101003,PT11334,2026-06-18,2570.54,2
CLM101505,PT11335,2026-06-26,2460.11,1
CLM100980,PT11335,2026-03-08,2694.65,2
CLM100392,PT11336,2026-07-10,876.76,1
CLM101619,PT11337,2026-08-30,400.09,1
CLM101098,PT11337,2026-04-22,4196.23,2
CLM101121,PT11338,2026-05-26,3982.48,1
CLM101481,PT11338,2026-05-23,2958.13,2
CLM102887,PT11339,2026-03-24,1676.63,1
CLM100716,PT11340,2026-02-10,2563.74,1
CLM101306,PT11341,2026-05-03,4121.01,1
CLM102703,PT11341,2026-01-22,3274.18,2
CLM100475,PT11342,2026-04-01,3027.33,1
CLM100868,PT11342,2026-01-19,1750.74,2
CLM100712,PT11344,2026-08-30,282.62,1
CLM100314,PT11344,2026-07-27,889.98,2
CLM100220,PT11344,2026-06-28,3864.16,3
CLM102337,PT11344,2026-06-20,1392.05,4
CLM102880,PT11347,2026-03-07,1006.8,1
CLM102365,PT11349,2026-08-28,3889.09,1
CLM102774,PT11350,2026-07-05,1498.66,1
CLM100957,PT11350,2026-07-02,1568.64,2
CLM101252,PT11350,2026-03-02,3629.32,3
CLM100797,PT11350,2026-01-31,3239.35,4
CLM102096,PT11351,2026-03-25,449.98,1
CLM101960,PT11352,2026-07-30,1750.88,1
CLM101830,PT11352,2026-02-05,2490.99,2
CLM102318,PT11352,2026-01-29,2012.23,3
CLM100919,PT11355,2026-01-28,2696.13,1
CLM101971,PT11359,2026-02-09,340.93,1
CLM100977,PT11360,2026-02-02,809.02,1
CLM101062,PT11362,2026-04-06,3344.32,1
CLM100503,PT11362,2026-01-12,322.21,2
CLM100517,PT11365,2026-03-02,1053.09,1
CLM100485,PT11365,2026-01-28,2910.73,2
CLM100147,PT11367,2026-06-27,1988.87,1
CLM100644,PT11371,2026-06-12,3584.85,1
CLM100195,PT11372,2026-05-26,999.29,1
CLM101341,PT11373,2026-05-03,347.63,1
CLM101060,PT11373,2026-05-02,3042.69,2
CLM100723,PT11376,2026-08-20,1944.93,1
CLM100497,PT11377,2026-06-03,718.23,1
CLM102813,PT11380,2026-01-13,1884.61,1
CLM100148,PT11383,2026-02-03,3116.23,1
CLM101058,PT11384,2026-08-28,131.21,1
CLM101431,PT11384,2026-08-10,968.63,2
CLM102542,PT11385,2026-04-26,2043.03,1
CLM102073,PT11385,2026-01-12,4041.82,2
CLM100847,PT11386,2026-06-30,3111.88,1
CLM102541,PT11386,2026-01-17,741.62,2
CLM100944,PT11388,2026-07-26,4199.7,1
CLM100741,PT11388,2026-06-18,420.61,2
CLM102747,PT11389,2026-01-09,2386.15,1
CLM102605,PT11389,2026-01-08,2428.76,2
CLM101638,PT11390,2026-06-02,546.04,1
CLM100176,PT11391,2026-01-10,1765.6,1
CLM101632,PT11392,2026-08-04,3724.27,1
CLM102820,PT11392,2026-05-02,2539.5,2
CLM100141,PT11393,2026-06-04,790.61,1
CLM101526,PT11393,2026-05-07,2239.18,2
CLM102896,PT11393,2026-02-17,2714.73,3
CLM102931,PT11394,2026-05-13,250.77,1
CLM101383,PT11395,2026-04-23,926.81,1
CLM101818,PT11395,2026-03-27,3587.26,2
CLM101332,PT11395,2026-02-15,1080.2,3
CLM102304,PT11398,2026-04-17,1945.99,1
CLM102423,PT11398,2026-01-18,504.67,2
CLM100462,PT11399,2026-06-25,1072.69,1
CLM100777,PT11401,2026-08-03,1015.05,1
CLM102675,PT11401,2026-07-22,3190.49,2
CLM102610,PT11401,2026-01-07,1726.32,3
CLM102981,PT11402,2026-06-19,1036,1
CLM101353,PT11402,2026-06-06,3097.62,2
CLM102405,PT11403,2026-08-10,4189.91,1
CLM102901,PT11404,2026-07-23,789.8,1
CLM101188,PT11408,2026-06-24,1663.89,1
CLM102204,PT11408,2026-02-01,2727.31,2
CLM102357,PT11410,2026-02-01,2851,1
CLM101427,PT11411,2026-05-15,3447.95,1
CLM101807,PT11413,2026-08-20,3623.75,1
CLM101717,PT11414,2026-06-22,4174.41,1
CLM101498,PT11416,2026-05-27,1794.07,1
CLM100075,PT11417,2026-08-03,536.31,1
CLM100078,PT11417,2026-08-01,962.45,2
CLM101407,PT11418,2026-04-24,3037.85,1
CLM102302,PT11418,2026-02-28,155.08,2
CLM100110,PT11420,2026-08-26,1437.23,1
CLM101613,PT11420,2026-04-03,3807.67,2
CLM100428,PT11421,2026-03-24,1995.11,1
CLM100870,PT11421,2026-03-15,602.31,2
CLM101206,PT11422,2026-08-14,628.42,1
CLM101771,PT11422,2026-04-01,902.02,2
CLM100576,PT11423,2026-06-20,2673.09,1
CLM101418,PT11423,2026-06-09,3534.15,2
CLM100101,PT11424,2026-05-07,1945.52,1
CLM100139,PT11427,2026-06-29,794.96,1
CLM100936,PT11427,2026-02-23,4050.48,2
CLM101564,PT11428,2026-04-05,3108.25,1
CLM101710,PT11430,2026-06-05,2876.12,1
CLM100535,PT11432,2026-06-18,1881.56,1
CLM102356,PT11433,2026-08-05,1741.39,1
CLM101185,PT11433,2026-03-02,677.8,2
CLM101194,PT11435,2026-06-15,2581.98,1
CLM100425,PT11436,2026-08-13,3300.07,1
CLM102564,PT11436,2026-06-26,4115.57,2
CLM100419,PT11436,2026-06-16,1022.71,3
CLM100801,PT11436,2026-05-25,1356.56,4
CLM100200,PT11436,2026-04-12,2093.56,5
CLM100700,PT11438,2026-07-23,2310.76,1
CLM100182,PT11438,2026-06-24,1192.34,2
CLM101190,PT11439,2026-07-18,3248.47,1
CLM102760,PT11439,2026-02-21,2107.5,2
CLM102202,PT11441,2026-05-04,1764.28,1
CLM102696,PT11442,2026-05-25,3275.37,1
CLM101835,PT11443,2026-01-22,3589.52,1
CLM100807,PT11445,2026-02-04,2799.67,1
CLM100789,PT11446,2026-06-30,3561.79,1
CLM101021,PT11446,2026-01-11,449.16,2
CLM101466,PT11447,2026-08-10,2869.8,1
CLM100926,PT11448,2026-04-16,920.42,1
CLM102882,PT11448,2026-02-24,1252.36,2
CLM102158,PT11450,2026-08-05,4156.64,1
CLM101745,PT11450,2026-02-15,1496.05,2
CLM100310,PT11451,2026-02-16,2651.43,1
CLM101310,PT11452,2026-06-04,2082.97,1
CLM102098,PT11453,2026-04-04,3173.13,1
CLM102118,PT11454,2026-02-13,-2159.03,1
CLM102558,PT11455,2026-04-05,205.24,1
CLM102670,PT11456,2026-05-12,798.97,1
CLM101783,PT11456,2026-01-10,1920.04,2
CLM100291,PT11458,2026-07-22,797.36,1
CLM100290,PT11458,2026-02-22,787.26,2
CLM100590,PT11458,2026-01-14,324.42,3
CLM100160,PT11459,2026-07-25,3914.83,1
CLM102448,PT11460,2026-08-24,1324.91,1
CLM101028,PT11461,2026-05-18,2898.99,1
CLM102272,PT11463,2026-04-06,1513.47,1
CLM102232,PT11465,2026-08-30,4151.19,1
CLM100549,PT11467,2026-08-17,3862.29,1
CLM101462,PT11467,2026-06-28,3835.38,2
CLM100792,PT11468,2026-03-08,3540.11,1
CLM101656,PT11469,2026-06-25,2577.03,1
CLM101809,PT11470,2026-07-09,2479.7,1
CLM100659,PT11472,2026-07-13,340.43,1
CLM100352,PT11472,2026-06-21,4034.83,2
CLM100621,PT11473,2026-04-12,654.97,1
CLM100046,PT11473,2026-03-12,1245.02,2
CLM102676,PT11473,2026-02-12,2263.28,3
CLM101004,PT11474,2026-05-28,2150.16,1
CLM102370,PT11474,2026-05-20,3701.45,2
CLM101446,PT11476,2026-01-28,802.41,1
CLM102254,PT11479,2026-06-22,2561.7,1
CLM101966,PT11483,2026-04-22,1408.83,1
CLM101181,PT11483,2026-04-19,174.19,2
CLM101291,PT11483,2026-04-16,1053.68,3
CLM101794,PT11483,2026-01-10,1785.88,4
CLM102586,PT11484,2026-07-16,1851.76,1
CLM100564,PT11485,2026-07-26,3914.97,1
CLM101654,PT11487,2026-02-18,2629.66,1
CLM102227,PT11489,2026-03-14,1392.26,1
CLM102872,PT11490,2026-08-05,1244.62,1
CLM102539,PT11492,2026-04-04,326.26,1
CLM101130,PT11493,2026-07-08,2368.75,1
CLM100338,PT11497,2026-02-05,695.19,1
CLM101558,PT11499,2026-08-20,1444.6,1
CLM102974,PT11505,2026-07-21,2469.11,1
CLM100887,PT11505,2026-02-24,3679.07,2
CLM101145,PT11506,2026-07-10,3930.26,1
CLM102029,PT11506,2026-07-03,1343.39,2
CLM100775,PT11509,2026-06-13,904.64,1
CLM100318,PT11509,2026-04-15,735.84,2
CLM102044,PT11509,2026-01-15,3151.84,3
CLM102591,PT11510,2026-06-30,3734.49,1
CLM102014,PT11512,2026-05-27,2952.63,1
CLM102886,PT11513,2026-07-13,1472.72,1
CLM100809,PT11516,2026-07-07,3637.96,1
CLM100528,PT11516,2026-01-09,907.62,2
CLM100910,PT11517,2026-07-11,2187.14,1
CLM101326,PT11518,2026-01-17,3831.87,1
CLM102479,PT11519,2026-08-23,3162.65,1
CLM101299,PT11520,2026-07-21,1333.61,1
CLM101709,PT11521,2026-06-09,3192.5,1
CLM101767,PT11522,2026-07-23,176.55,1
CLM100009,PT11522,2026-01-07,2212.41,2
CLM102441,PT11523,2026-01-18,1157.59,1
CLM101546,PT11524,2026-03-19,2507.44,1
CLM100735,PT11524,2026-03-18,958.53,2
CLM100036,PT11524,2026-03-06,263.17,3
CLM100888,PT11525,2026-08-26,3440.42,1
CLM101616,PT11525,2026-08-09,306.41,2
CLM102253,PT11525,2026-05-13,1131.11,3
CLM101621,PT11527,2026-06-07,892.94,1
CLM100109,PT11528,2026-06-08,3399.9,1
CLM101597,PT11530,2026-07-08,3411.81,1
CLM100239,PT11530,2026-03-14,2995.65,2
CLM101359,PT11532,2026-06-28,1704.15,1
CLM102171,PT11533,2026-01-30,3326.74,1
CLM101114,PT11534,2026-06-13,1232.98,1
CLM100455,PT11535,2026-03-06,1900.09,1
CLM101533,PT11536,2026-05-22,620.67,1
CLM102686,PT11538,2026-07-31,1923.89,1
CLM102278,PT11539,2026-08-01,3882.68,1
CLM101529,PT11539,2026-05-30,1694.6,2
CLM101965,PT11540,2026-03-29,2826.08,1
CLM101821,PT11543,2026-08-30,2361.3,1
CLM100949,PT11543,2026-05-31,2916.32,2
CLM102716,PT11544,2026-03-14,1482.63,1
CLM100319,PT11545,2026-03-30,3205.36,1
CLM102684,PT11546,2026-02-13,3959.46,1
CLM101375,PT11551,2026-03-15,3848.06,1
CLM100866,PT11554,2026-07-20,3427.84,1
CLM102392,PT11555,2026-03-29,609.99,1
CLM101216,PT11556,2026-08-30,4101.38,1
CLM102818,PT11557,2026-08-17,2497.26,1
CLM102060,PT11557,2026-07-19,1594.88,2
CLM102732,PT11558,2026-01-14,682.33,1
CLM102731,PT11559,2026-08-22,109.48,1
CLM101697,PT11560,2026-08-23,2079.46,1
CLM100010,PT11561,2026-08-17,2926.33,1
CLM102400,PT11561,2026-01-31,2985.14,2
CLM100180,PT11562,2026-04-26,2967.78,1
CLM100850,PT11563,2026-04-14,606.6,1
CLM100014,PT11564,2026-06-21,2049.01,1
CLM101954,PT11564,2026-02-27,2777.29,2
CLM102103,PT11565,2026-06-04,2188.69,1
CLM101668,PT11566,2026-07-23,2343.66,1
CLM102771,PT11568,2026-05-18,1819.18,1
CLM100247,PT11568,2026-02-05,1454.93,2
CLM100082,PT11569,2026-07-09,3849.21,1
CLM100516,PT11570,2026-05-17,1538.57,1
CLM100865,PT11572,2026-08-19,4163.54,1
CLM102447,PT11574,2026-08-27,744.32,1
CLM101051,PT11574,2026-04-17,3168.27,2
CLM100862,PT11574,2026-03-24,1842.86,3
CLM101533,PT11576,2026-02-05,1553.03,1
CLM101718,PT11577,2026-01-11,2919.04,1
CLM100819,PT11578,2026-06-18,1176.85,1
CLM100438,PT11579,2026-08-05,3723.22,1
CLM101334,PT11580,2026-07-29,3376.36,1
CLM101486,PT11580,2026-05-20,1430.36,2
CLM100156,PT11580,2026-01-03,1468.22,3
CLM102412,PT11581,2026-03-01,1282.62,1
CLM101300,PT11582,2026-08-04,2445.64,1
CLM100803,PT11582,2026-01-07,1276.22,2
CLM100285,PT11584,2026-03-31,2452.24,1
CLM101182,PT11589,2026-03-17,2571.45,1
CLM101032,PT11592,2026-05-07,327.94,1
CLM100490,PT11593,2026-06-22,3339.21,1
CLM102303,PT11593,2026-01-08,1463.5,2
CLM100579,PT11595,2026-08-20,3641.1,1
CLM100315,PT11595,2026-06-14,3733.59,2
CLM101934,PT11596,2026-01-12,2626.21,1
CLM102607,PT11597,2026-08-05,3230.56,1
CLM101238,PT11598,2026-08-08,1420.67,1
CLM101385,PT11599,2026-06-16,984.16,1
CLM102916,PT11599,2026-05-10,645.33,2
CLM101702,PT11600,2026-05-06,277.66,1
CLM102733,PT11600,2026-04-21,1529.05,2
CLM101301,PT11600,2026-01-18,238.42,3
CLM102983,PT11602,2026-02-04,667,1
CLM100673,PT11603,2026-06-01,3912.33,1
CLM102095,PT11603,2026-03-09,2262.83,2
CLM101199,PT11604,2026-08-16,2324.09,1
CLM101950,PT11604,2026-04-23,178.25,2
CLM100504,PT11605,2026-02-16,3839.03,1
CLM100616,PT11605,2026-01-24,2251.8,2
CLM102445,PT11606,2026-08-24,1088.06,1
CLM102668,PT11609,2026-08-14,3173.9,1
CLM100598,PT11610,2026-05-18,3014.33,1
CLM101000,PT11610,2026-03-28,1271.22,2
CLM100362,PT11611,2026-06-17,2727.76,1
CLM100452,PT11614,2026-07-06,1463.06,1
CLM101443,PT11614,2026-05-02,730.97,2
CLM101863,PT11614,2026-02-24,2199.57,3
CLM102384,PT11615,2026-03-02,319.14,1
CLM102330,PT11618,2026-08-03,580.9,1
CLM102993,PT11618,2026-07-16,726.36,2
CLM101746,PT11618,2026-04-29,3758.74,3
CLM100796,PT11618,2026-04-06,3794.89,4
CLM101254,PT11619,2026-03-06,1609.7,1
CLM101911,PT11619,2026-03-03,463.43,2
CLM101285,PT11620,2026-07-25,2059.41,1
CLM102846,PT11621,2026-03-14,3644.09,1
CLM100891,PT11624,2026-02-13,2507.01,1
CLM100359,PT11625,2026-07-29,140.23,1
CLM100740,PT11625,2026-05-27,200.45,2
CLM102566,PT11625,2026-01-10,735.69,3
CLM100154,PT11626,2026-03-12,605.56,1
CLM100268,PT11627,2026-07-29,2508.49,1
CLM102329,PT11627,2026-01-04,2629.56,2
CLM101338,PT11629,2026-07-18,586.16,1
CLM101079,PT11629,2026-07-16,2281.08,2
CLM102327,PT11629,2026-05-20,374.89,3
CLM100170,PT11632,2026-04-02,2925.29,1
CLM101894,PT11635,2026-02-23,247.81,1
CLM101737,PT11635,2026-02-04,3180.75,2
CLM102876,PT11639,2026-07-01,1169.88,1
CLM101195,PT11641,2026-08-08,2105.98,1
CLM100196,PT11642,2026-04-05,155.8,1
CLM100044,PT11643,2026-08-05,3604.76,1
CLM101117,PT11643,2026-05-07,1090.12,2
CLM101554,PT11643,2026-03-27,1157.98,3
CLM101996,PT11643,2026-03-26,1230.91,4
CLM102961,PT11644,2026-05-12,3975.72,1
CLM101018,PT11644,2026-03-08,2231.92,2
CLM101234,PT11646,2026-08-21,1735.04,1
CLM100002,PT11647,2026-08-26,2363.7,1
CLM100168,PT11649,2026-05-15,3947.33,1
CLM102149,PT11649,2026-02-27,842.87,2
CLM100150,PT11649,2026-01-29,1264.09,3
CLM100815,PT11650,2026-06-04,92.58,1
CLM101647,PT11651,2026-08-04,1668.12,1
CLM102404,PT11651,2026-02-15,1951.23,2
CLM101729,PT11654,2026-07-10,92.33,1
CLM100842,PT11654,2026-05-11,3439.91,2
CLM101041,PT11657,2026-07-29,3373.85,1
CLM102922,PT11659,2026-01-30,3167.46,1
CLM101696,PT11660,2026-05-27,2144.33,1
CLM102552,PT11662,2026-05-16,3401.37,1
CLM101460,PT11662,2026-01-28,3105.05,2
CLM100077,PT11664,2026-06-18,296.83,1
CLM101572,PT11667,2026-02-20,317.59,1
CLM100618,PT11667,2026-01-25,698.33,2
CLM101620,PT11667,2026-01-21,1024.75,3
CLM101137,PT11670,2026-08-23,3106.4,1
CLM100731,PT11671,2026-07-27,1267.01,1
CLM102315,PT11671,2026-06-29,3234.92,2
CLM102116,PT11673,2026-07-23,3638.73,1
CLM102534,PT11674,2026-06-29,1050.61,1
CLM102497,PT11674,2026-06-19,2749.85,2
CLM100179,PT11674,2026-06-14,2949.88,3
CLM101408,PT11675,2026-05-08,634.36,1
CLM102904,PT11676,2026-01-31,379.7,1
CLM102186,PT11679,2026-04-18,3602.87,1
CLM102230,PT11680,2026-07-15,1351.41,1
CLM101848,PT11681,2026-03-18,3176.89,1
CLM101628,PT11682,2026-02-16,1791.1,1
CLM102609,PT11682,2026-01-14,1199.39,2
CLM101315,PT11683,2026-02-09,2273.44,1
CLM101168,PT11684,2026-03-06,2919.65,1
CLM100368,PT11685,2026-06-11,3649.08,1
CLM100844,PT11686,2026-03-30,2976.4,1
CLM101675,PT11687,2026-05-07,1161.75,1
CLM102512,PT11688,2026-03-05,2013.64,1
CLM102234,PT11688,2026-01-10,1147.79,2
CLM101063,PT11689,2026-04-30,2084.43,1
CLM101979,PT11692,2026-05-27,270.68,1
CLM101057,PT11692,2026-02-16,279.64,2
CLM102348,PT11693,2026-04-17,2518.82,1
CLM100018,PT11694,2026-04-19,1360.17,1
CLM101381,PT11695,2026-01-13,3761.06,1
CLM102547,PT11698,2026-03-01,2461.11,1
CLM101872,PT11699,2026-08-23,2208.71,1
CLM102273,PT11700,2026-02-22,2502.21,1
CLM101748,PT11700,2026-01-14,1159.13,2
CLM101389,PT11702,2026-08-28,186.65,1
CLM102239,PT11702,2026-05-21,1114.78,2
CLM100840,PT11702,2026-04-19,327.1,3
CLM102285,PT11702,2026-02-28,1540.13,4
CLM102137,PT11702,2026-01-20,1897.56,5
CLM100574,PT11703,2026-05-11,1460.13,1
CLM100917,PT11704,2026-05-26,993.93,1
CLM100861,PT11704,2026-04-05,1095.08,2
CLM101948,PT11705,2026-04-04,536.7,1
CLM101862,PT11708,2026-04-23,817.54,1
CLM101731,PT11710,2026-09-01,4084.75,1
CLM102879,PT11713,2026-07-15,1965.63,1
CLM102677,PT11713,2026-01-23,2744.44,2
CLM100677,PT11714,2026-04-07,553.68,1
CLM102829,PT11716,2026-08-14,1458.53,1
CLM102822,PT11717,2026-06-17,1526.18,1
CLM102368,PT11717,2026-02-26,2255.41,2
CLM101527,PT11720,2026-04-21,896.12,1
CLM102867,PT11723,2026-02-20,257.1,1
CLM102729,PT11725,2026-07-02,428.92,1
CLM102439,PT11728,2026-07-19,2708.57,1
CLM101769,PT11729,2026-08-08,3240.07,1
CLM101568,PT11732,2026-06-25,306.15,1
CLM100556,PT11732,2026-04-19,2441.75,2
CLM101825,PT11733,2026-01-31,605.45,1
CLM101105,PT11734,2026-08-05,3841.29,1
CLM102599,PT11734,2026-07-02,1406.61,2
CLM101682,PT11736,2026-05-04,4059.38,1
CLM100545,PT11737,2026-02-25,2259.38,1
CLM100696,PT11739,2026-08-22,181.93,1
CLM102889,PT11742,2026-01-16,2971.96,1
CLM101598,PT11745,2026-07-15,2185.49,1
CLM102170,PT11745,2026-04-14,1131.14,2
CLM102719,PT11748,2026-04-07,415.86,1
CLM102250,PT11749,2026-05-21,3069.66,1
CLM102982,PT11751,2026-04-03,3280.22,1
CLM101227,PT11752,2026-07-23,3806.52,1
CLM100161,PT11752,2026-05-09,1792.91,2
CLM100385,PT11756,2026-04-20,370.85,1
CLM100573,PT11757,2026-05-25,2519.01,1
CLM102531,PT11757,2026-02-24,4094.45,2
CLM101159,PT11757,2026-01-25,2038.84,3
CLM101556,PT11758,2026-07-02,425.01,1
CLM100932,PT11758,2026-05-13,2777.82,2
CLM102972,PT11763,2026-04-04,1017.27,1
CLM101061,PT11766,2026-02-13,126.15,1
CLM102841,PT11766,2026-01-23,751.95,2
CLM101708,PT11769,2026-01-12,3619.15,1
CLM100860,PT11770,2026-02-16,2889.82,1
CLM101048,PT11770,2026-01-23,3795.77,2
CLM100877,PT11771,2026-08-26,3453.16,1
CLM101816,PT11771,2026-07-06,2135.31,2
CLM101173,PT11772,2026-03-22,3880.74,1
CLM101594,PT11775,2026-03-26,3517.02,1
CLM102821,PT11775,2026-01-26,3235.88,2
CLM101015,PT11777,2026-04-12,2696.86,1
CLM101448,PT11780,2026-08-10,3489.75,1
CLM101485,PT11780,2026-04-01,3231.29,2
CLM100350,PT11781,2026-05-13,1357.02,1
CLM102832,PT11782,2026-04-01,1571.21,1
CLM102102,PT11785,2026-05-10,2331.87,1
CLM100764,PT11786,2026-07-14,856.56,1
CLM102454,PT11786,2026-05-05,2434.36,2
CLM101255,PT11787,2026-03-13,1337.36,1
CLM101982,PT11787,2026-01-21,2520.16,2
CLM102478,PT11788,2026-06-10,2331.49,1
CLM101083,PT11788,2026-04-12,1928.7,2
CLM100858,PT11790,2026-03-29,1546.76,1
CLM101885,PT11791,2026-06-24,2563.2,1
CLM100808,PT11792,2026-04-30,3976.61,1
CLM102687,PT11792,2026-04-20,1035.91,2
CLM102321,PT11793,2026-08-24,748.65,1
CLM102582,PT11794,2026-07-20,3210.12,1
CLM100199,PT11795,2026-03-02,1937.94,1
CLM100544,PT11795,2026-02-24,264.93,2
CLM102715,PT11797,2026-07-22,3342.94,1
CLM102409,PT11797,2026-06-14,1873.74,2
CLM100311,PT11798,2026-08-17,4082.5,1
CLM102808,PT11798,2026-02-15,2534.27,2
CLM100848,PT11801,2026-05-10,3914.08,1
CLM100654,PT11801,2026-04-06,608.52,2
CLM100935,PT11802,2026-04-05,4106.81,1
CLM102730,PT11803,2026-06-10,4066.6,1
CLM100262,PT11804,2026-02-14,3650.36,1
CLM101683,PT11806,2026-08-27,1531.8,1
CLM101949,PT11806,2026-04-21,842.5,2
CLM102544,PT11807,2026-03-09,2810.22,1
CLM100471,PT11808,2026-04-20,2944.14,1
CLM100478,PT11811,2026-08-10,2994.18,1
CLM101307,PT11811,2026-03-03,1576.91,2
CLM100524,PT11813,2026-05-05,525.51,1
CLM102644,PT11816,2026-05-20,2131.44,1
CLM100707,PT11817,2026-03-20,373.41,1
CLM102758,PT11819,2026-01-31,3465.67,1
CLM100631,PT11820,2026-07-03,2803.11,1
CLM101329,PT11820,2026-03-28,907.2,2
CLM101869,PT11822,2026-06-13,2927.19,1
CLM100058,PT11823,2026-06-27,3684.37,1
CLM102645,PT11823,2026-02-22,848.04,2
CLM100451,PT11824,2026-07-21,3080.89,1
CLM101378,PT11824,2026-05-02,2911.72,2
CLM101340,PT11825,2026-07-03,1797.12,1
CLM102854,PT11825,2026-05-08,1565.44,2
CLM100557,PT11827,2026-02-27,3811.61,1
CLM101694,PT11828,2026-04-20,1363.6,1
CLM100874,PT11830,2026-02-25,2487.07,1
CLM102122,PT11831,2026-07-26,1143.86,1
CLM100639,PT11832,2026-07-02,491.12,1
CLM102636,PT11832,2026-03-13,229.86,2
CLM101364,PT11832,2026-02-06,3255.13,3
CLM102507,PT11835,2026-07-23,1308.52,1
CLM100851,PT11837,2026-01-29,1703.17,1
CLM102802,PT11837,2026-01-11,420.2,2
CLM100787,PT11839,2026-05-25,3288.45,1
CLM101257,PT11840,2026-02-09,981.38,1
CLM100278,PT11841,2026-06-04,1224.98,1
CLM102663,PT11842,2026-06-17,2115.82,1
CLM102410,PT11843,2026-05-15,1246.94,1
CLM100978,PT11844,2026-07-05,3162.95,1
CLM100465,PT11847,2026-05-09,822.42,1
CLM102632,PT11847,2026-04-15,3651.28,2
CLM102363,PT11847,2026-03-05,1793.65,3
CLM102749,PT11847,2026-01-31,1832.55,4
CLM100882,PT11848,2026-05-01,3859.34,1
CLM101434,PT11850,2026-05-17,4145.63,1
CLM102540,PT11850,2026-04-15,1905.07,2
CLM100506,PT11850,2026-04-09,3711.67,3
CLM100501,PT11851,2026-08-05,3416.26,1
CLM102385,PT11851,2026-06-15,3350.55,2
CLM101415,PT11853,2026-08-04,4149.97,1
CLM100678,PT11853,2026-04-17,484.4,2
CLM100883,PT11856,2026-08-15,1339.17,1
CLM102030,PT11857,2026-04-02,1605.21,1
CLM102466,PT11860,2026-06-21,511.31,1
CLM102104,PT11863,2026-03-24,617.85,1
CLM101685,PT11865,2026-03-16,2690.64,1
CLM102603,PT11865,2026-01-18,1707.5,2
CLM101437,PT11867,2026-02-18,930.69,1
CLM102864,PT11868,2026-05-09,961.05,1
CLM101009,PT11870,2026-04-24,198.45,1
CLM102532,PT11871,2026-06-13,2159.8,1
CLM102280,PT11872,2026-05-13,1742.73,1
CLM100683,PT11873,2026-08-06,3278.65,1
CLM101309,PT11877,2026-07-04,2895.77,1
CLM102648,PT11877,2026-01-23,1358.21,2
CLM101416,PT11878,2026-02-04,4131.35,1
CLM100746,PT11878,2026-01-03,3113.01,2
CLM100940,PT11883,2026-06-15,3654.97,1
CLM100494,PT11883,2026-04-15,3475.6,2
CLM101323,PT11884,2026-08-01,1568.2,1
CLM101604,PT11884,2026-05-04,315.21,2
CLM102777,PT11885,2026-05-05,2339.44,1
CLM100580,PT11885,2026-01-23,718.07,2
CLM102012,PT11885,2026-01-13,3716.46,3
CLM102364,PT11886,2026-03-30,1076.58,1
CLM102235,PT11888,2026-04-15,1755.05,1
CLM101578,PT11890,2026-06-13,3421.34,1
CLM101344,PT11891,2026-08-25,2520.07,1
CLM101104,PT11894,2026-04-17,3088.7,1
CLM100585,PT11895,2026-05-03,1784.63,1
CLM101727,PT11896,2026-07-11,3624.21,1
CLM102964,PT11896,2026-07-08,1006.59,2
CLM100067,PT11896,2026-06-29,2276.92,3
CLM101547,PT11896,2026-04-02,3134.61,4
CLM100890,PT11898,2026-04-22,3196.9,1
CLM100896,PT11898,2026-04-09,1962.64,2
CLM101374,PT11898,2026-03-22,2586.07,3
CLM102035,PT11899,2026-04-28,3718.27,1
CLM101990,PT11900,2026-04-30,3574.37,1
CLM101943,PT11901,2026-08-31,3081.89,1
CLM100468,PT11901,2026-06-12,2718.99,2
CLM101193,PT11905,2026-05-05,3813.56,1
CLM102112,PT11909,2026-08-26,4197.5,1
CLM102960,PT11909,2026-01-23,2676.97,2
CLM101610,PT11910,2026-09-04,4164.06,1
CLM102196,PT11912,2026-03-04,1674.74,1
CLM102182,PT11914,2026-05-20,4002.29,1
CLM100331,PT11914,2026-04-12,3829.94,2
CLM102223,PT11914,2026-03-15,1236.08,3
CLM101251,PT11917,2026-04-03,3676.66,1
CLM100991,PT11919,2026-05-15,4099.35,1
CLM100441,PT11920,2026-08-02,3278.06,1
CLM100681,PT11921,2026-08-02,2245.1,1
CLM101740,PT11921,2026-04-14,753.43,2
CLM101093,PT11922,2026-02-25,2299.74,1
CLM101810,PT11923,2026-04-07,466.29,1
CLM100760,PT11924,2026-08-05,2571.94,1
CLM102411,PT11924,2026-02-12,2224.23,2
CLM101785,PT11925,2026-06-10,3126.87,1
CLM100639,PT11926,2026-06-30,2718.53,1
CLM102215,PT11926,2026-04-01,1991.63,2
CLM102517,PT11927,2026-02-24,808.68,1
CLM101829,PT11929,2026-06-29,3427.29,1
CLM102577,PT11929,2026-01-21,1006.39,2
CLM102324,PT11931,2026-08-30,3797.13,1
CLM102266,PT11931,2026-07-18,934.54,2
CLM101501,PT11931,2026-02-05,2926.73,3
CLM102639,PT11932,2026-02-04,3313.87,1
CLM101010,PT11933,2026-04-22,2510.06,1
CLM101031,PT11934,2026-05-12,3032.46,1
CLM101268,PT11934,2026-04-28,158.53,2
CLM101538,PT11934,2026-03-15,3423.69,3
CLM102281,PT11935,2026-05-30,3703.47,1
CLM100811,PT11935,2026-05-29,1932,2
CLM101732,PT11936,2026-06-08,3604.17,1
CLM100404,PT11936,2026-05-31,3910.44,2
CLM100701,PT11936,2026-02-08,995.27,3
CLM101663,PT11938,2026-06-05,1906.11,1
CLM100610,PT11938,2026-04-21,1858.37,2
CLM100954,PT11940,2026-07-02,2406.05,1
CLM101753,PT11940,2026-06-28,3105.73,2
CLM100167,PT11940,2026-06-05,370.94,3
CLM102669,PT11943,2026-08-13,2619.49,1
CLM101861,PT11944,2026-08-19,3213.75,1
CLM101618,PT11945,2026-06-29,1770.7,1
CLM100928,PT11946,2026-06-05,3737.48,1
CLM101518,PT11949,2026-07-19,2930.41,1
CLM102860,PT11950,2026-04-03,1294.92,1
CLM100418,PT11950,2026-02-10,3203.74,2
CLM100997,PT11952,2026-08-21,1729.79,1
CLM100308,PT11952,2026-03-31,1112.44,2
CLM102002,PT11952,2026-02-18,3481.22,3
CLM102187,PT11953,2026-08-02,1655.1,1
CLM101573,PT11953,2026-04-24,3575.51,2
CLM100784,PT11954,2026-04-03,2546.74,1
CLM100361,PT11954,2026-03-12,3575.42,2
CLM100337,PT11959,2026-07-18,3321.38,1
CLM102805,PT11959,2026-04-16,2373.48,2
CLM100994,PT11961,2026-04-29,2718.82,1
CLM101790,PT11964,2026-05-21,481.11,1
CLM101423,PT11964,2026-01-24,2527.69,2
CLM102694,PT11965,2026-08-25,3990.49,1
CLM100128,PT11965,2026-03-30,3321.75,2
CLM100711,PT11966,2026-05-04,1951.63,1
CLM102548,PT11970,2026-08-04,3592.17,1
CLM102932,PT11970,2026-05-15,1611.42,2
CLM101476,PT11972,2026-06-10,3017.13,1
CLM100721,PT11973,2026-02-11,4007.97,1
CLM102287,PT11973,2026-01-11,1549.22,2
CLM102308,PT11974,2026-05-23,983.86,1
CLM101274,PT11974,2026-04-17,4149.38,2
CLM100718,PT11976,2026-08-19,3203.5,1
CLM102403,PT11976,2026-06-15,1586.68,2
CLM101175,PT11976,2026-06-07,869.75,3
CLM102868,PT11980,2026-03-13,195.96,1
CLM100284,PT11981,2026-01-04,706.16,1
CLM101681,PT11982,2026-08-12,2957.2,1
CLM101840,PT11984,2026-06-07,1739.4,1
CLM100636,PT11985,2026-02-08,3084.08,1
CLM101089,PT11987,2026-08-11,808.57,1
CLM100031,PT11988,2026-08-16,3747.94,1
CLM101118,PT11989,2026-01-04,895.62,1
CLM102131,PT11992,2026-03-30,1365.04,1
CLM101395,PT11995,2026-03-25,1449.09,1
CLM100672,PT11995,2026-03-04,3215.53,2
CLM101126,PT11997,2026-05-22,3821.28,1
CLM101864,PT11997,2026-03-10,2960.21,2
CLM100653,PT11998,2026-03-02,670.18,1
CLM101393,PT12000,2026-05-23,576,1
CLM101362,PT12003,2026-07-15,827.42,1
CLM102643,PT12003,2026-04-30,3844.21,2
CLM100593,PT12005,2026-01-07,794.49,1
CLM102992,PT12006,2026-05-06,2789.41,1
CLM101612,PT12006,2026-03-11,1995.18,2
CLM100288,PT12007,2026-04-15,128.39,1
CLM100537,PT12007,2026-03-15,1804.34,2
CLM100900,PT12008,2026-02-03,2349.63,1
CLM102875,PT12011,2026-04-26,768.8,1
CLM101054,PT12013,2026-03-18,1434.3,1
CLM102295,PT12015,2026-07-16,3455.14,1
CLM102583,PT12015,2026-07-11,4156.96,2
CLM100033,PT12016,2026-07-22,544.51,1
CLM100821,PT12017,2026-06-22,2664.41,1
CLM101201,PT12018,2026-08-04,2858.68,1
CLM100795,PT12018,2026-06-05,2337.25,2
CLM100943,PT12019,2026-05-22,2569.71,1
CLM100194,PT12022,2026-04-11,629.83,1
CLM100032,PT12022,2026-03-24,3058.47,2
CLM102979,PT12023,2026-04-08,175.73,1
CLM102545,PT12024,2026-03-09,3437.92,1
CLM102652,PT12029,2026-02-13,3949.16,1
CLM100159,PT12030,2026-08-19,1067.46,1
CLM102782,PT12030,2026-04-23,2834.99,2
CLM101436,PT12031,2026-06-10,904.63,1
CLM100765,PT12032,2026-05-08,2080.25,1
CLM102394,PT12033,2026-03-16,793.32,1
CLM102574,PT12038,2026-02-11,1386.8,1
CLM100546,PT12038,2026-02-05,3996.07,2
CLM102145,PT12041,2026-03-15,329.56,1
CLM102049,PT12042,2026-08-16,3386.92,1
CLM102909,PT12042,2026-06-03,3663.9,2
CLM102930,PT12043,2026-08-06,3971.28,1
CLM101750,PT12043,2026-05-11,277.26,2
CLM102267,PT12043,2026-01-22,3957.32,3
CLM100976,PT12045,2026-03-18,924.02,1
CLM102954,PT12048,2026-02-15,2496.64,1
CLM100016,PT12048,2026-02-02,3353.25,2
CLM100426,PT12049,2026-07-12,2720.02,1
CLM100863,PT12049,2026-04-01,104.16,2
CLM102874,PT12050,2026-04-27,2846.56,1
CLM100346,PT12053,2026-05-08,2565.28,1
CLM101555,PT12054,2026-07-07,2966.89,1
CLM101973,PT12054,2026-06-27,613.12,2
CLM102262,PT12054,2026-03-22,2337.18,3
CLM101147,PT12054,2026-03-14,1747.58,4
CLM100136,PT12055,2026-05-17,3833.68,1
CLM101870,PT12055,2026-01-20,1395.72,2
CLM100846,PT12058,2026-03-03,2338.31,1
CLM102167,PT12061,2026-01-28,3116.52,1
CLM101712,PT12062,2026-05-02,3479.88,1
CLM101263,PT12062,2026-02-17,3745.89,2
CLM101248,PT12063,2026-04-27,1477.84,1
CLM100446,PT12064,2026-02-23,3098.78,1
CLM102588,PT12066,2026-06-28,1622.59,1
CLM101492,PT12067,2026-07-08,3784.1,1
CLM101726,PT12067,2026-03-11,345.01,2
CLM102328,PT12067,2026-03-07,1715.91,3
CLM102422,PT12070,2026-02-21,1760.63,1
CLM102877,PT12071,2026-08-21,1118.25,1
CLM102024,PT12072,2026-08-26,2256.4,1
CLM101661,PT12072,2026-08-24,1736.53,2
CLM101602,PT12073,2026-06-12,3937.36,1
CLM101345,PT12073,2026-06-09,2836.03,2
CLM100069,PT12074,2026-02-26,2059.63,1
CLM101482,PT12075,2026-04-21,2863.43,1
CLM101074,PT12076,2026-06-19,1295.19,1
CLM100947,PT12076,2026-06-11,1806.73,2
CLM100059,PT12077,2026-06-20,2358.64,1
CLM101968,PT12077,2026-05-24,1695.58,2
CLM100178,PT12079,2026-06-12,239.95,1
CLM100325,PT12079,2026-04-11,423.39,2
CLM100859,PT12080,2026-08-19,490.5,1
CLM101665,PT12081,2026-02-05,3782.8,1
CLM102333,PT12082,2026-03-11,4138.48,1
CLM102688,PT12083,2026-06-15,2714.8,1
CLM100281,PT12083,2026-02-21,2360.2,2
CLM102994,PT12084,2026-02-13,3924.41,1
CLM102840,PT12086,2026-02-04,2800.35,1
CLM101673,PT12089,2026-04-24,3471.55,1
CLM102087,PT12089,2026-03-09,3537.88,2
CLM102108,PT12089,2026-02-04,2814.01,3
CLM101236,PT12090,2026-08-28,1038.31,1
CLM102514,PT12090,2026-08-08,1022.28,2
CLM101420,PT12090,2026-04-14,2616.46,3
CLM102472,PT12093,2026-05-11,3427.88,1
CLM102474,PT12093,2026-01-30,4013.63,2
CLM102863,PT12094,2026-01-21,335.43,1
CLM101422,PT12098,2026-02-11,2974.74,1
CLM102291,PT12098,2026-01-25,1908.14,2
CLM100041,PT12098,2026-01-06,1574.71,3
CLM102214,PT12099,2025-12-30,3843.76,1
CLM101377,PT12100,2026-02-02,3508.48,1
CLM102851,PT12100,2026-01-02,932.58,2
CLM101768,PT12101,2026-02-08,551.09,1
CLM102681,PT12103,2026-06-07,1317.56,1
CLM100201,PT12104,2026-03-14,463.01,1
CLM102198,PT12106,2026-06-24,3779.41,1
CLM100720,PT12106,2026-05-03,1969.75,2
CLM102536,PT12106,2026-01-28,2306.27,3
CLM100121,PT12107,2026-07-26,2755.51,1
CLM100394,PT12108,2026-01-29,1017.87,1
CLM101799,PT12111,2026-04-05,3794.31,1
CLM102936,PT12112,2026-03-02,2338.88,1
CLM101777,PT12113,2026-07-05,3525.13,1
CLM100916,PT12113,2025-12-24,1737.36,2
CLM100942,PT12114,2026-08-06,2552.05,1
CLM101143,PT12115,2026-07-01,2959.43,1
CLM102666,PT12117,2026-02-02,1462.01,1
CLM100162,PT12119,2026-08-05,561.5,1
CLM102247,PT12119,2026-01-07,-2730.91,2
CLM102524,PT12120,2026-08-18,3566.69,1
CLM100083,PT12120,2026-05-29,2110.36,2
CLM102622,PT12120,2026-01-28,1181.96,3
CLM102480,PT12122,2026-07-28,718.38,1
CLM101701,PT12122,2026-07-03,3789.42,2
CLM100970,PT12122,2026-02-07,2783.9,3
CLM100241,PT12122,2026-01-07,1209.54,4
CLM101889,PT12123,2026-07-01,3249.77,1
CLM102891,PT12124,2026-08-13,2179.08,1
CLM101762,PT12127,2026-06-02,2693.73,1
CLM100508,PT12127,2026-03-01,3712.89,2
CLM102494,PT12129,2026-08-11,205.57,1
CLM102173,PT12133,2026-05-09,1190.19,1
CLM102797,PT12133,2026-05-06,2628.23,2
CLM100401,PT12133,2026-02-24,711.93,3
CLM101097,PT12134,2026-05-25,825.15,1
CLM100774,PT12134,2026-05-06,4087.68,2
CLM100552,PT12137,2026-06-01,140.41,1
CLM100416,PT12138,2026-02-20,2103.44,1
CLM102890,PT12139,2026-07-15,537.7,1
CLM102034,PT12139,2026-07-10,3273.33,2
CLM101050,PT12142,2026-08-12,2294.32,1
CLM101065,PT12143,2026-02-18,198.23,1
CLM101543,PT12146,2026-05-19,3987.37,1
CLM100184,PT12146,2026-03-01,1957.74,2
CLM102206,PT12148,2026-02-09,268.37,1
CLM101899,PT12149,2026-03-15,2957.67,1
CLM101884,PT12149,2026-02-08,1501.63,2
CLM100439,PT12150,2026-03-24,738.18,1
CLM100895,PT12150,2026-01-14,904.96,2
CLM101897,PT12152,2026-06-05,2052.27,1
CLM100427,PT12154,2026-07-02,116.37,1
CLM101893,PT12156,2026-06-04,2752.19,1
CLM101678,PT12156,2026-04-15,3601.68,2
CLM101565,PT12157,2026-08-07,3706.46,1
CLM101853,PT12158,2026-06-28,402.64,1
CLM101623,PT12158,2026-03-30,341.68,2
CLM101693,PT12159,2026-06-29,2812.6,1
CLM101780,PT12159,2026-06-24,2448.84,2
CLM100725,PT12159,2026-05-04,207.83,3
CLM102166,PT12164,2026-07-13,4071.81,1
CLM101535,PT12165,2026-04-30,3725,1
CLM101766,PT12165,2026-04-21,3978.26,2
CLM100799,PT12166,2026-08-25,647.96,1
CLM100297,PT12166,2026-02-23,918.26,2
CLM102929,PT12167,2026-07-14,3267.06,1
CLM102594,PT12167,2026-06-23,1324,2
CLM100073,PT12169,2026-08-04,3389.54,1
CLM102778,PT12169,2026-01-07,2101.09,2
CLM101246,PT12169,2026-01-05,3711.48,3
CLM100486,PT12170,2026-09-02,223.42,1
CLM101920,PT12170,2026-06-23,821.31,2
CLM102050,PT12171,2026-03-11,2159.95,1
CLM101854,PT12173,2026-08-28,928.15,1
CLM101792,PT12174,2026-03-08,140.09,1
CLM100637,PT12176,2026-07-12,1037.18,1
CLM100948,PT12177,2026-08-09,2140.88,1
CLM102906,PT12177,2026-07-13,3667.09,2
CLM102559,PT12178,2026-06-16,4004.64,1
CLM102467,PT12178,2026-05-20,130.75,2
CLM101871,PT12178,2026-04-27,2933.73,3
CLM102349,PT12178,2026-04-12,3926.55,4
CLM101231,PT12179,2026-06-01,3160.18,1
CLM102947,PT12179,2026-04-28,125.73,2
CLM101536,PT12181,2026-06-05,4059.05,1
CLM100242,PT12181,2026-05-23,3457.58,2
CLM102849,PT12182,2026-08-19,4152.26,1
CLM100785,PT12182,2026-07-11,1151.7,2
CLM100990,PT12182,2026-05-15,3144.61,3
CLM100722,PT12182,2026-05-12,3494.91,4
CLM102294,PT12182,2026-02-11,3838.51,5
CLM102855,PT12183,2026-08-01,3166.22,1
CLM102183,PT12184,2026-07-26,1672.35,1
CLM102037,PT12185,2026-05-06,3045.78,1
CLM102656,PT12187,2026-07-13,2853.5,1
CLM102310,PT12187,2026-05-25,2954.69,2
CLM102059,PT12187,2026-05-04,3327.03,3
CLM100806,PT12188,2026-04-28,2734.02,1
CLM100309,PT12190,2026-05-30,268.74,1
CLM102989,PT12191,2026-08-13,1100.9,1
CLM102997,PT12192,2026-08-05,886.35,1
CLM100584,PT12192,2026-06-06,3580.45,2
CLM101217,PT12192,2026-04-25,3213.78,3
CLM102313,PT12192,2026-03-26,1968.94,4
CLM100056,PT12194,2026-08-19,3620.6,1
CLM100357,PT12194,2026-08-19,4069.88,2
CLM100778,PT12194,2026-04-06,3479.42,3
CLM100772,PT12194,2026-03-06,3410.55,4
CLM102092,PT12195,2026-03-08,3444.27,1
CLM100463,PT12197,2026-08-23,2016.7,1
CLM100169,PT12197,2026-05-05,2433.17,2
CLM102857,PT12197,2026-03-07,824.07,3
CLM102580,PT12198,2026-07-29,1925.89,1
CLM102825,PT12199,2026-07-24,2140.19,1
CLM101094,PT12201,2026-02-08,3928.28,1
CLM102408,PT12201,2026-01-08,2849.79,2
CLM100209,PT12202,2026-05-14,2640.62,1
CLM100769,PT12202,2026-04-08,1976.8,2
CLM102274,PT12202,2026-01-22,674.44,3
CLM101019,PT12203,2026-04-24,1556.49,1
CLM102611,PT12203,2026-01-16,1036.78,2
CLM100879,PT12208,2026-06-10,1698.52,1
CLM100961,PT12209,2026-08-07,652.28,1
CLM100710,PT12209,2026-07-26,1993.13,2
CLM100592,PT12209,2026-06-09,4115.6,3
CLM101367,PT12210,2026-07-10,2970.49,1
CLM100843,PT12210,2026-07-04,660.08,2
CLM101477,PT12210,2026-01-09,1769.11,3
CLM100383,PT12211,2026-03-10,2116.31,1
CLM100966,PT12211,2026-01-08,2119.88,2
CLM102604,PT12211,2026-01-04,2385.9,3
CLM101730,PT12213,2026-08-13,3448.16,1
CLM101458,PT12218,2026-04-28,2180.38,1
CLM100181,PT12219,2026-06-15,2985.34,1
CLM100538,PT12220,2026-06-04,1331.99,1
CLM100781,PT12221,2026-03-18,3576.44,1
CLM100984,PT12224,2026-06-13,3083.66,1
CLM102589,PT12225,2026-06-30,1977.41,1
CLM102971,PT12226,2026-06-05,2991.96,1
CLM101112,PT12227,2026-03-27,3950.94,1
CLM102421,PT12229,2026-06-14,1120.99,1
CLM100724,PT12230,2026-02-23,490.09,1
CLM102647,PT12231,2026-08-19,3605.57,1
CLM102945,PT12231,2026-04-28,2156.3,2
CLM102592,PT12231,2026-02-03,221.98,3
CLM102903,PT12231,2026-01-21,1177.12,4
CLM102157,PT12233,2026-03-06,2306.32,1
CLM100313,PT12235,2026-07-30,2956.15,1
CLM102600,PT12235,2026-01-11,94.16,2
CLM102151,PT12236,2026-07-13,4137.97,1
CLM100758,PT12237,2026-06-22,3176.53,1
CLM102296,PT12241,2026-07-14,4143.63,1
CLM100594,PT12241,2026-06-30,2733.81,2
CLM102305,PT12241,2026-02-25,2804.86,3
CLM102772,PT12243,2026-03-02,1567.25,1
CLM102995,PT12244,2026-08-06,4033.24,1
CLM102881,PT12247,2026-04-20,2779.33,1
CLM102519,PT12247,2026-04-06,1265.2,2
CLM101739,PT12249,2026-06-02,1247.05,1
CLM100857,PT12252,2026-06-10,236.5,1
CLM101470,PT12253,2026-01-29,1124.36,1
CLM102530,PT12255,2026-06-06,2061.95,1
CLM101382,PT12255,2026-05-22,3004.97,2
CLM102442,PT12256,2026-06-10,325.57,1
CLM101557,PT12257,2026-08-12,3134.07,1
CLM101387,PT12257,2026-06-25,611.38,2
CLM102714,PT12258,2026-07-20,4183.55,1
CLM100229,PT12259,2026-01-08,3177.88,1
CLM100066,PT12260,2026-08-05,2408.09,1
CLM100246,PT12260,2026-04-11,798.53,2
CLM102935,PT12261,2026-08-27,3242.93,1
CLM100855,PT12261,2026-07-31,3759.8,2
CLM100607,PT12261,2026-07-19,2507.69,3
CLM100448,PT12261,2026-04-25,2110.09,4
CLM102845,PT12262,2026-08-06,2721.32,1
CLM102458,PT12262,2026-05-31,2446.48,2
CLM102174,PT12263,2026-05-01,4118.29,1
CLM100914,PT12263,2026-03-19,3298.35,2
CLM100507,PT12264,2026-02-03,2189.99,1
CLM101228,PT12265,2026-06-27,1523.09,1
CLM100024,PT12266,2026-08-15,1462.37,1
CLM102953,PT12266,2026-06-05,2413.32,2
CLM101651,PT12268,2026-08-26,1072.01,1
CLM101977,PT12268,2026-06-29,2221.69,2
CLM101795,PT12270,2026-05-03,150.05,1
CLM100756,PT12275,2026-06-01,1039.02,1
CLM101413,PT12277,2026-06-06,3482.13,1
CLM100715,PT12277,2026-05-04,4001.11,2
CLM102745,PT12278,2026-08-16,3427.48,1
CLM102717,PT12278,2026-07-30,1297.15,2
CLM101688,PT12278,2026-07-10,1909.54,3
CLM101006,PT12279,2026-03-23,1743.28,1
CLM101241,PT12279,2026-03-16,3300.31,2
CLM102523,PT12280,2026-06-21,4023.89,1
CLM102307,PT12280,2026-01-28,2555.93,2
CLM102746,PT12281,2026-06-30,2724.22,1
CLM102105,PT12282,2026-08-16,362.9,1
CLM100464,PT12282,2026-08-06,1794.1,2
CLM102435,PT12282,2026-05-03,2024.71,3
CLM101426,PT12285,2026-01-17,2671.33,1
CLM101414,PT12286,2026-07-07,291.8,1
CLM101793,PT12288,2026-07-20,4103.84,1
CLM102332,PT12291,2026-08-28,4029.92,1
CLM102925,PT12291,2026-08-09,1417.93,2
CLM102641,PT12292,2026-03-14,1401.19,1
CLM101221,PT12292,2026-02-02,1695.35,2
CLM100295,PT12293,2026-06-17,2643.08,1
CLM101454,PT12294,2026-08-27,2498.13,1
CLM100627,PT12294,2026-01-02,1404.72,2
CLM102571,PT12295,2026-08-08,3292.1,1
CLM102181,PT12300,2026-01-17,1890.06,1
CLM100007,PT12301,2026-02-10,463.44,1
CLM101071,PT12302,2026-06-17,2866.39,1
CLM100912,PT12302,2026-05-13,453.89,2
CLM101952,PT12305,2026-08-07,2562.95,1
CLM101930,PT12305,2026-07-13,985.02,2
CLM100867,PT12305,2026-03-31,3181.06,3
CLM101880,PT12307,2026-08-22,4018.92,1
CLM102331,PT12307,2026-05-17,1481.07,2
CLM100955,PT12307,2026-04-16,1896.4,3
CLM102353,PT12309,2026-07-08,110.68,1
CLM101115,PT12309,2026-03-11,1930.74,2
CLM100853,PT12310,2026-04-17,1537.84,1
CLM101507,PT12311,2026-04-05,2129.09,1
CLM101178,PT12311,2026-02-16,3047.15,2
CLM102325,PT12312,2026-03-21,2355.22,1
CLM102063,PT12314,2026-07-19,2062.52,1
CLM101218,PT12315,2026-08-16,3229.48,1
CLM102082,PT12316,2026-01-19,2243.16,1
CLM102986,PT12320,2026-06-25,3030.69,1
CLM100996,PT12320,2026-02-02,524.71,2
CLM101174,PT12322,2026-07-18,159.46,1
CLM101721,PT12322,2026-04-14,2356.22,2
CLM102222,PT12323,2026-08-03,3804.69,1
CLM101657,PT12323,2026-03-20,2544.7,2
CLM101272,PT12325,2026-08-25,3262.96,1
CLM102184,PT12325,2026-08-03,325.22,2
CLM101151,PT12326,2026-05-29,739.49,1
CLM102921,PT12326,2026-04-15,590.2,2
CLM102008,PT12327,2026-04-25,1158.63,1
CLM101428,PT12327,2026-04-10,1619.81,2
CLM101220,PT12327,2026-02-01,3918.75,3
CLM101640,PT12327,2026-01-18,1071.34,4
CLM102076,PT12330,2026-01-12,1166.3,1
CLM100872,PT12331,2026-05-09,1237.63,1
CLM102419,PT12331,2026-05-01,2524.16,2
CLM100713,PT12332,2026-08-26,1046.62,1
CLM101196,PT12332,2026-08-10,1329.09,2
CLM101055,PT12332,2026-04-07,3834.07,3
CLM101159,PT12335,2026-04-30,2703.19,1
CLM100429,PT12338,2026-03-27,4017.58,1
CLM102819,PT12338,2026-01-20,3000.25,2
CLM102865,PT12339,2026-01-22,2525.36,1
CLM100489,PT12343,2026-01-25,3655.35,1
CLM100294,PT12344,2026-02-14,3764.23,1
CLM102354,PT12345,2026-04-28,2802.8,1
CLM100298,PT12345,2026-02-23,1727.5,2
CLM100260,PT12345,2026-01-20,1649.54,3
CLM102339,PT12347,2026-02-08,905.67,1
CLM100122,PT12348,2026-02-25,1190.79,1
CLM101752,PT12348,2026-02-22,3386.58,2
CLM100480,PT12351,2026-08-25,2503.42,1
CLM102211,PT12352,2026-04-07,2614.37,1
CLM100633,PT12353,2026-01-05,687.44,1
CLM102469,PT12354,2026-05-03,1083.86,1
CLM100421,PT12356,2026-08-26,1680.31,1
CLM101822,PT12356,2026-08-13,3596.27,2
CLM101838,PT12356,2026-07-15,3641.43,3
CLM101135,PT12359,2026-06-16,2293.46,1
CLM100646,PT12360,2026-06-28,2741.54,1
CLM102481,PT12362,2026-02-05,4081.84,1
CLM102193,PT12363,2026-04-13,2069.75,1
CLM101629,PT12364,2026-04-01,1033.85,1
CLM101552,PT12365,2026-02-15,161.33,1
CLM101606,PT12366,2026-04-15,1445.67,1
CLM101027,PT12367,2026-03-05,2191.34,1
CLM102244,PT12368,2026-08-26,3921.74,1
CLM100163,PT12369,2026-03-03,2616.11,1
CLM102927,PT12371,2026-01-27,3710.53,1
CLM101677,PT12373,2026-08-27,2781.09,1
CLM101669,PT12373,2026-07-09,1403.51,2
CLM102779,PT12373,2026-02-13,1987.61,3
CLM102616,PT12375,2026-01-16,2322.06,1
CLM102201,PT12377,2026-04-05,120.36,1
CLM101392,PT12379,2026-06-02,3419.22,1
CLM100845,PT12380,2026-06-03,2854.45,1
CLM100271,PT12380,2026-02-22,2245.44,2
CLM102177,PT12381,2026-04-30,3085.91,1
CLM102279,PT12383,2026-03-20,3568.85,1
CLM100366,PT12384,2026-03-19,3237.43,1
CLM102537,PT12384,2026-03-17,1525.41,2
CLM100266,PT12385,2026-03-27,2117.68,1
CLM102388,PT12387,2026-07-03,698.23,1
CLM100829,PT12387,2026-02-18,2667.74,2
CLM102237,PT12388,2026-07-12,2918.63,1
CLM101286,PT12388,2026-06-02,2773.12,2
CLM102057,PT12391,2026-08-30,1185.72,1
CLM100276,PT12391,2026-07-25,3019.46,2
CLM102128,PT12391,2026-05-13,1131.39,3
CLM102980,PT12391,2026-04-26,919.64,4
CLM102959,PT12391,2026-04-09,991.64,5
CLM100920,PT12392,2026-05-29,2083.03,1
CLM102824,PT12392,2026-03-10,4194.56,2
CLM102453,PT12393,2026-01-09,3303.34,1
CLM100702,PT12396,2026-04-08,3557.92,1
CLM100293,PT12396,2026-03-09,2529.92,2
CLM102387,PT12396,2026-02-27,312.64,3
CLM101575,PT12397,2026-07-29,4018.66,1
CLM102780,PT12397,2026-06-17,2075.92,2
CLM100137,PT12397,2026-05-31,3704.39,3
CLM100370,PT12399,2026-02-19,1996.43,1
CLM100623,PT12400,2026-04-03,185.52,1
CLM102551,PT12401,2026-08-22,1473.04,1
CLM100185,PT12401,2026-06-15,2287.71,2
CLM100397,PT12402,2026-08-04,2745.78,1
CLM101467,PT12402,2026-06-26,3756.05,2
CLM101487,PT12403,2026-06-18,1873.63,1
CLM101644,PT12403,2026-06-08,2769.63,2
CLM100767,PT12404,2026-06-29,3085.37,1
CLM102549,PT12404,2026-03-15,1960.69,2
CLM101622,PT12405,2026-01-24,4092.62,1
CLM101614,PT12406,2026-07-08,3687.87,1
CLM101921,PT12407,2026-03-02,3070.56,1
CLM102576,PT12408,2026-07-13,3799.34,1
CLM102301,PT12408,2026-02-14,481.12,2
CLM101291,PT12409,2026-08-25,745.25,1
CLM101305,PT12409,2026-06-28,3960.19,2
CLM100152,PT12409,2026-01-25,1030.31,3
CLM101342,PT12409,2026-01-16,570.93,4
CLM100969,PT12411,2026-07-31,2989.16,1
CLM102001,PT12411,2026-02-10,3489.24,2
CLM102007,PT12412,2026-04-27,1713.03,1
CLM100143,PT12412,2026-04-16,1845.43,2
CLM101770,PT12413,2026-06-10,3131.28,1
CLM100364,PT12414,2026-07-23,160.35,1
CLM100902,PT12414,2026-07-18,2074.1,2
CLM100326,PT12414,2026-05-17,3401.08,3
CLM101800,PT12415,2026-07-15,2499.62,1
CLM102200,PT12415,2026-02-21,3539.61,2
CLM100305,PT12418,2026-05-25,1054.86,1
CLM101441,PT12420,2026-07-09,2993.32,1
CLM101052,PT12420,2026-02-28,2187.59,2
CLM102415,PT12421,2026-04-26,3116.77,1
CLM100123,PT12422,2026-06-16,2327.56,1
CLM100015,PT12424,2026-06-10,2913.24,1
CLM102241,PT12424,2026-03-03,246.53,2
CLM102706,PT12427,2026-01-26,100.49,1
CLM101456,PT12428,2026-08-02,1290.53,1
CLM100456,PT12430,2026-07-31,1407.17,1
CLM102805,PT12431,2026-08-06,4170.53,1
CLM101823,PT12433,2026-05-14,3042.05,1
CLM101802,PT12433,2026-04-16,1289.93,2
CLM100495,PT12434,2026-04-17,637.47,1
CLM102020,PT12437,2026-06-14,1691.93,1
CLM102565,PT12437,2026-04-23,3993.35,2
CLM102957,PT12439,2026-03-28,2672.36,1
CLM101584,PT12442,2026-01-04,1572.81,1
CLM100481,PT12443,2026-05-25,884.49,1
CLM102919,PT12444,2026-08-21,1169.74,1
CLM101358,PT12444,2026-04-25,1012.64,2
CLM101317,PT12446,2026-07-22,1819.03,1
CLM100834,PT12446,2026-07-07,826.56,2
CLM102341,PT12447,2026-04-29,755.89,1
CLM101922,PT12448,2026-03-02,2190.88,1
CLM101992,PT12449,2026-06-15,4195.43,1
CLM101167,PT12450,2026-08-05,2876.25,1
CLM101827,PT12450,2026-06-20,1760.49,2
CLM101686,PT12451,2026-04-27,1418.38,1
CLM102773,PT12453,2026-05-08,2638.71,1
CLM102850,PT12457,2026-07-11,252.11,1
CLM101765,PT12457,2026-06-03,2911.33,2
CLM101626,PT12457,2026-02-07,3578.56,3
CLM100473,PT12458,2026-07-08,2434.98,1
CLM101421,PT12459,2026-07-14,3714.26,1
CLM100652,PT12459,2026-07-03,624.41,2
CLM102229,PT12461,2026-05-29,2039.81,1
CLM101935,PT12461,2026-02-27,1313.03,2
CLM100030,PT12465,2026-04-14,462.5,1
CLM101404,PT12466,2026-06-30,2967.5,1
CLM102691,PT12466,2026-06-10,2380.71,2
CLM101226,PT12466,2026-02-15,3960.41,3
CLM102464,PT12468,2026-07-03,3319.29,1
CLM102941,PT12469,2026-06-13,2460.63,1
CLM101624,PT12470,2026-06-10,558.35,1
CLM102483,PT12471,2026-07-21,368.02,1
CLM100074,PT12471,2026-07-15,1075.66,2
CLM101691,PT12473,2026-07-22,2531.44,1
CLM100470,PT12473,2026-07-12,3008.62,2
CLM101706,PT12473,2026-04-22,2408.98,3
CLM100369,PT12474,2026-02-13,4122.12,1
CLM101069,PT12475,2026-07-25,121.9,1
CLM101479,PT12475,2026-06-28,3027.82,2
CLM101335,PT12475,2026-06-26,190.45,3
CLM100530,PT12476,2026-06-12,3583.8,1
CLM101929,PT12477,2026-01-15,1081.78,1
CLM101975,PT12479,2026-05-29,1549.08,1
CLM102970,PT12480,2026-06-15,4083.83,1
CLM102099,PT12480,2026-05-10,2997.19,2
CLM101124,PT12480,2026-03-17,428.21,3
CLM101073,PT12480,2026-01-18,399.29,4
CLM100776,PT12484,2026-07-10,1555.04,1
CLM102319,PT12487,2026-06-29,2632.62,1
CLM102948,PT12487,2026-05-21,2036.25,2
CLM100140,PT12487,2026-02-28,2743.3,3
CLM101449,PT12487,2026-02-27,2595.85,4
CLM100080,PT12488,2026-02-28,2106.78,1
CLM101836,PT12489,2026-07-25,177.81,1
CLM100963,PT12490,2026-04-25,3757.69,1
CLM101933,PT12492,2026-07-21,1292.75,1
CLM100093,PT12492,2026-03-31,2649.82,2
CLM102968,PT12494,2026-06-25,2990.85,1
CLM100918,PT12494,2026-06-14,3756.09,2
CLM100703,PT12498,2026-07-22,3370.82,1
CLM102967,PT12498,2026-07-08,2654.43,2
CLM100244,PT12500,2026-08-26,268.86,1
CLM102043,PT12502,2026-08-01,3160.54,1
CLM101684,PT12503,2026-06-19,1129.04,1
CLM101394,PT12506,2026-06-04,2917.77,1
CLM101924,PT12507,2026-06-21,1360.05,1
CLM100145,PT12507,2026-03-30,2136.57,2
CLM100197,PT12507,2026-03-28,1223.54,3
CLM101439,PT12510,2026-02-22,3027.86,1
CLM101931,PT12511,2026-05-30,3310.38,1
CLM100615,PT12512,2026-07-16,3983.42,1
CLM100108,PT12514,2026-02-14,3327.31,1
CLM101984,PT12515,2026-04-29,3868.95,1
CLM100094,PT12516,2026-07-29,3884.4,1
CLM100111,PT12516,2026-07-10,3515.66,2
CLM100608,PT12516,2026-05-10,3174.35,3
CLM102240,PT12519,2026-05-23,1080.55,1
CLM101088,PT12522,2026-06-07,134.94,1
CLM100889,PT12527,2026-02-18,3052.06,1
CLM102270,PT12528,2026-07-16,1632.09,1
CLM102259,PT12529,2026-08-07,633.22,1
CLM101890,PT12529,2026-04-10,2038.77,2
CLM101250,PT12530,2026-01-24,3221.86,1
CLM102585,PT12531,2026-08-23,3534.06,1
CLM100679,PT12531,2026-02-27,457.41,2
CLM102625,PT12531,2026-01-22,4116.14,3
CLM102638,PT12532,2026-08-02,2681.96,1
CLM102470,PT12534,2026-04-10,1131.73,1
CLM100816,PT12534,2026-03-28,2937.66,2
CLM101947,PT12536,2026-07-13,2957.28,1
CLM100903,PT12537,2026-08-06,3086.58,1
CLM100761,PT12538,2026-03-07,1966.77,1
CLM101349,PT12539,2026-06-16,2267.69,1
CLM102159,PT12539,2026-04-27,544.49,2
CLM101129,PT12540,2026-03-11,2804.37,1
CLM102221,PT12541,2026-08-08,3242.55,1
CLM100617,PT12541,2026-04-30,1750.86,2
CLM100626,PT12541,2026-03-01,967.31,3
CLM102581,PT12542,2026-07-08,625.63,1
CLM100730,PT12542,2026-04-25,1550.79,2
CLM102700,PT12543,2026-08-19,2366.39,1
CLM102662,PT12543,2026-02-22,3368.01,2
CLM100547,PT12543,2026-01-31,1888.33,3
CLM100012,PT12546,2026-07-18,2953.54,1
CLM102046,PT12548,2026-08-27,4012.86,1
CLM100384,PT12548,2026-07-03,1408.49,2
CLM102220,PT12548,2026-03-13,2726.42,3
CLM102351,PT12551,2026-07-11,1385.36,1
CLM100317,PT12553,2026-07-28,4121.73,1
CLM101812,PT12553,2026-07-14,3287.42,2
CLM101592,PT12553,2026-01-28,1800.04,3
CLM100296,PT12554,2026-02-14,2903.58,1
CLM102142,PT12554,2026-01-04,2217.46,2
CLM100070,PT12555,2026-06-06,3979.99,1
CLM101244,PT12556,2026-06-28,259.95,1
CLM100203,PT12556,2026-01-10,3061.4,2
CLM101784,PT12557,2026-08-10,3422.32,1
CLM100019,PT12559,2026-06-30,166.76,1
CLM101841,PT12559,2026-04-09,1810.45,2
CLM101822,PT12562,2026-07-22,3288.95,1
CLM101191,PT12562,2026-03-23,1712.39,2
CLM101703,PT12566,2026-03-11,429.61,1
CLM102976,PT12567,2026-08-15,152.44,1
CLM101993,PT12568,2026-02-20,1347.43,1
CLM101858,PT12569,2026-03-03,1803.58,1
CLM102655,PT12571,2026-08-25,3237.11,1
CLM101087,PT12575,2026-07-28,3160,1
CLM100662,PT12577,2026-05-05,2493.79,1
CLM100934,PT12578,2026-01-09,525.13,1
CLM101605,PT12580,2026-03-16,1761.45,1
CLM100562,PT12580,2026-02-13,2570.34,2
CLM101974,PT12581,2026-08-13,235.04,1
CLM101834,PT12582,2026-05-30,2702.37,1
CLM102003,PT12583,2026-04-23,2019.1,1
CLM102612,PT12583,2026-02-08,3810.01,2
CLM100640,PT12584,2026-05-23,232.33,1
CLM101914,PT12586,2026-02-25,2916.68,1
CLM102575,PT12587,2026-02-28,1998.97,1
CLM100687,PT12588,2026-05-30,2422.86,1
CLM102026,PT12591,2026-02-05,3791.24,1
CLM100728,PT12592,2026-07-15,2316.85,1
CLM102054,PT12592,2026-05-23,1994.65,2
CLM100606,PT12592,2026-02-16,616.43,3
CLM102197,PT12593,2026-07-09,1488.37,1
CLM101856,PT12593,2026-02-08,251.74,2
CLM100117,PT12597,2026-07-16,2447.47,1
CLM100648,PT12598,2026-02-09,2253.94,1
CLM100258,PT12598,2026-02-05,1994.63,2
CLM102047,PT12599,2026-07-22,4001.26,1
CLM100272,PT12599,2026-07-02,3225.46,2
CLM101581,PT12600,2026-06-21,3727.47,1
CLM101741,PT12600,2026-01-24,2832.89,2
CLM102776,PT12600,2026-01-11,1227.18,3
CLM100189,PT12601,2026-02-11,2711.04,1
CLM101951,PT12601,2026-01-15,3407.42,2
CLM100050,PT12603,2026-07-23,2816.22,1
CLM101099,PT12603,2026-07-20,478.9,2
CLM102085,PT12605,2026-03-31,2055.76,1
CLM101789,PT12606,2026-02-02,3269.95,1
CLM100064,PT12607,2026-07-10,3060.11,1
CLM102790,PT12607,2026-04-03,3882.77,2
CLM100612,PT12608,2026-02-24,3873.44,1
CLM101331,PT12610,2026-08-28,2316.27,1
CLM100698,PT12610,2026-05-22,1680.47,2
CLM100005,PT12610,2026-02-08,3466.35,3
CLM102106,PT12611,2026-04-16,3315.17,1
CLM102452,PT12612,2026-04-08,3217.41,1
CLM102079,PT12612,2026-01-16,2236.1,2
CLM102937,PT12613,2026-08-29,1853.3,1
CLM102284,PT12613,2026-01-14,1543.4,2
CLM102795,PT12615,2026-08-18,3640.71,1
CLM101776,PT12616,2026-04-22,3206.3,1
CLM101999,PT12617,2026-07-21,4074.09,1
CLM102516,PT12618,2026-04-27,2961.58,1
CLM100424,PT12618,2026-02-11,1475.9,2
CLM102939,PT12620,2026-02-14,320.74,1
CLM101012,PT12621,2026-05-20,1047.5,1
CLM101757,PT12623,2026-05-03,1719.65,1
CLM101260,PT12624,2026-07-01,2073.07,1
CLM102071,PT12624,2026-05-20,2228.93,2
CLM100661,PT12624,2026-04-20,2671.05,3
CLM102756,PT12625,2026-02-11,3178.67,1
CLM102726,PT12628,2026-02-04,959.75,1
CLM100635,PT12630,2026-03-23,955.28,1
CLM102722,PT12631,2026-03-19,2001.38,1
CLM102038,PT12631,2026-02-25,2181.98,2
CLM100125,PT12632,2026-07-14,1254.64,1
CLM101580,PT12632,2026-05-27,1138.54,2
CLM100685,PT12632,2026-04-23,717.1,3
CLM100871,PT12632,2026-01-27,1920.21,4
CLM102810,PT12633,2026-02-08,1133.15,1
CLM101156,PT12635,2026-04-10,2992.39,1
CLM101545,PT12635,2026-01-24,3262.21,2
CLM102853,PT12638,2026-08-31,2717.7,1
CLM102621,PT12638,2026-07-08,1487.58,2
CLM100283,PT12638,2026-01-08,-2080.82,3
CLM102966,PT12639,2026-03-08,2348.53,1
CLM102055,PT12640,2026-07-29,3854.85,1
CLM101146,PT12640,2026-03-05,699.88,2
CLM102243,PT12641,2026-08-24,3080.03,1
CLM100853,PT12641,2026-07-01,3186.74,2
CLM102942,PT12641,2026-06-28,3249.37,3
CLM101852,PT12644,2026-07-26,1311.82,1
CLM101450,PT12644,2026-05-21,1166.83,2
CLM101761,PT12645,2026-08-30,3364.12,1
CLM102595,PT12645,2026-07-25,3744.25,2
CLM102527,PT12645,2026-06-26,513.33,3
CLM100353,PT12646,2026-05-24,3554.22,1
CLM100502,PT12648,2026-06-10,1418.54,1
CLM100589,PT12648,2026-01-08,1382.88,2
CLM102768,PT12649,2026-07-28,3188.79,1
CLM100187,PT12649,2026-03-20,4135.67,2
CLM102767,PT12649,2026-02-28,3114.95,3
CLM100130,PT12650,2026-08-23,1638.73,1
CLM101120,PT12653,2026-03-27,3419.52,1
CLM100989,PT12654,2026-06-12,4084.69,1
CLM100299,PT12655,2026-08-16,2771.99,1
CLM100726,PT12655,2026-05-06,427.08,2
CLM100245,PT12656,2026-02-05,1766.5,1
CLM101490,PT12657,2026-02-04,950.74,1
CLM101165,PT12658,2026-09-01,974.35,1
CLM100329,PT12659,2026-07-09,1859.35,1
CLM101020,PT12659,2026-02-09,1073.18,2
CLM100217,PT12660,2026-02-25,1453.21,1
CLM101804,PT12661,2026-07-04,3085.6,1
CLM102562,PT12661,2026-04-19,1400.42,2
CLM102596,PT12663,2026-04-25,4110.83,1
CLM102498,PT12664,2026-06-27,2198.06,1
CLM100430,PT12664,2026-01-24,2475.52,2
CLM101002,PT12666,2026-08-31,2788.61,1
CLM100374,PT12666,2026-06-01,2084.15,2
CLM102399,PT12666,2026-03-27,3510.43,3
CLM101932,PT12668,2026-06-09,4060.58,1
CLM100521,PT12669,2026-04-01,3991.02,1
CLM100238,PT12670,2026-07-05,994.59,1
CLM102924,PT12672,2026-01-28,1728.79,1
CLM102504,PT12673,2026-05-21,2054.51,1
CLM101820,PT12674,2026-08-06,2688.8,1
CLM102134,PT12674,2026-07-01,4182.37,2
CLM101609,PT12675,2026-07-04,722.44,1
CLM100856,PT12676,2026-06-10,3238.03,1
CLM101046,PT12676,2026-06-08,383.3,2
CLM100436,PT12677,2026-06-25,2927.69,1
CLM100561,PT12679,2026-02-28,2272.9,1
CLM102645,PT12681,2026-08-06,108.89,1
CLM102587,PT12681,2026-03-04,2516.83,2
CLM101473,PT12682,2026-03-02,801.4,1
CLM101403,PT12683,2026-07-28,3224.46,1
CLM102908,PT12684,2026-02-11,2516.24,1
CLM100568,PT12685,2026-06-27,810.89,1
CLM101180,PT12685,2026-03-18,3730.89,2
CLM100755,PT12688,2026-04-12,3617.24,1
CLM100666,PT12688,2026-01-17,1991.79,2
CLM102984,PT12689,2026-07-30,3001.27,1
CLM100727,PT12689,2026-05-18,818.2,2
CLM100757,PT12690,2026-06-05,1301.24,1
CLM101961,PT12690,2026-05-02,1514.88,2
CLM101938,PT12690,2026-03-25,1909.79,3
CLM100671,PT12694,2026-04-03,3737.97,1
CLM100982,PT12696,2026-05-10,3768.84,1
CLM101742,PT12698,2026-08-21,268.47,1
CLM102140,PT12698,2026-07-20,2495.03,2
CLM101163,PT12698,2026-01-19,140.15,3
CLM102061,PT12701,2026-07-16,166.86,1
CLM102322,PT12702,2026-05-26,1209.39,1
CLM102438,PT12703,2026-01-29,1546.74,1
CLM101867,PT12704,2026-07-08,135.32,1
CLM101165,PT12705,2026-02-24,649.93,1
CLM101245,PT12706,2026-02-21,815,1
CLM102490,PT12707,2026-07-02,3326.57,1
CLM102135,PT12707,2026-03-24,2517.69,2
CLM102812,PT12708,2026-08-03,981.81,1
CLM100479,PT12708,2026-02-07,2508.73,2
CLM101270,PT12710,2026-08-30,3474.34,1
CLM102107,PT12710,2026-02-03,2686.34,2
CLM100270,PT12711,2026-04-09,2841.74,1
CLM100025,PT12711,2026-01-05,1160.8,2
CLM101987,PT12713,2026-05-09,1070.45,1
CLM102650,PT12713,2026-03-13,3827.4,2
CLM101519,PT12715,2026-05-03,3844.18,1
CLM100525,PT12718,2026-05-27,3204.12,1
CLM102724,PT12720,2026-03-05,951.41,1
CLM101264,PT12721,2026-05-16,1981.7,1
CLM101475,PT12722,2026-03-30,1163.46,1
CLM102491,PT12722,2026-01-31,151.23,2
CLM102004,PT12723,2026-05-12,1108.48,1
CLM101212,PT12723,2026-02-12,3468.26,2
CLM102557,PT12724,2026-07-19,2165.9,1
CLM101243,PT12724,2026-03-04,1049.61,2
CLM100937,PT12726,2026-08-28,910.95,1
CLM101417,PT12726,2026-04-04,1053.99,2
CLM100274,PT12728,2026-02-04,1677.08,1
CLM100881,PT12729,2026-06-18,1803.15,1
CLM102113,PT12732,2026-05-20,1832.89,1
CLM100965,PT12733,2026-01-21,3610.45,1
CLM102450,PT12735,2026-07-24,2487.93,1
CLM102624,PT12736,2026-07-02,2499.47,1
CLM100805,PT12736,2026-03-19,1440.3,2
CLM102359,PT12738,2026-07-02,2346.32,1
CLM100540,PT12739,2026-07-15,420.6,1
CLM100254,PT12744,2026-06-17,2508.35,1
CLM102017,PT12746,2026-02-20,458.6,1
CLM101658,PT12748,2026-08-05,3147.79,1
CLM101343,PT12748,2026-06-29,3386.86,2
CLM101915,PT12748,2026-02-01,3124.42,3
CLM101687,PT12749,2026-07-27,2669.12,1
CLM101022,PT12749,2026-01-27,3046.03,2
CLM102081,PT12750,2026-03-07,1076.82,1
CLM100006,PT12751,2026-08-02,3357.7,1
CLM102426,PT12751,2026-07-19,1790.51,2
CLM102659,PT12751,2026-06-30,1913.53,3
CLM101042,PT12752,2026-03-11,3114.55,1
CLM100332,PT12753,2026-01-28,323.19,1
CLM101294,PT12755,2026-07-22,1423.89,1
CLM102598,PT12755,2026-07-16,2327.45,2
CLM101495,PT12755,2026-05-11,1304.48,3
CLM102383,PT12756,2026-08-09,2607.85,1
CLM101754,PT12756,2026-05-01,1587.27,2
CLM101600,PT12756,2026-04-15,885.95,3
CLM101719,PT12758,2026-05-04,2694.92,1
CLM101775,PT12758,2026-03-13,2593.02,2
CLM102265,PT12759,2026-08-07,653.93,1
CLM101496,PT12759,2026-03-23,469.98,2
CLM101615,PT12759,2026-03-13,2262.66,3
CLM102246,PT12762,2026-04-21,3171.42,1
CLM100230,PT12762,2026-02-15,3968.94,2
CLM102380,PT12763,2026-05-03,3231.71,1
CLM101611,PT12763,2026-01-24,3855.31,2
CLM101444,PT12764,2026-07-28,1762.8,1
CLM100004,PT12766,2026-08-16,3802.98,1
CLM102912,PT12766,2026-08-13,2017.31,2
CLM102264,PT12766,2026-03-16,4093.23,3
CLM101138,PT12767,2026-03-26,1023.25,1
CLM101981,PT12768,2026-03-20,3729.13,1
CLM101438,PT12768,2026-01-04,1890.68,2
CLM102374,PT12770,2026-05-30,3589.01,1
CLM100624,PT12771,2026-06-15,1612.8,1
CLM100768,PT12772,2026-03-14,1120.87,1
CLM100951,PT12774,2026-07-02,2290.93,1
CLM101166,PT12775,2026-03-25,3392.84,1
CLM101998,PT12776,2026-06-09,4130.82,1
CLM100062,PT12776,2026-04-17,4199.57,2
CLM102289,PT12777,2026-06-10,512.54,1
CLM101202,PT12777,2026-04-29,1035.43,2
CLM101204,PT12777,2026-02-19,4170.38,3
CLM100886,PT12778,2026-04-03,746.3,1
CLM100657,PT12778,2026-02-04,3451.67,2
CLM101106,PT12779,2026-05-26,305.59,1
CLM100929,PT12779,2026-04-19,298,2
CLM102042,PT12779,2026-03-31,3506.62,3
CLM100406,PT12780,2026-08-24,2697.35,1
CLM100786,PT12781,2026-03-31,2321.91,1
CLM101049,PT12781,2026-02-21,3328.3,2
CLM102804,PT12784,2026-05-16,1734,1
CLM101275,PT12784,2026-04-30,3617.4,2
CLM101773,PT12787,2026-08-22,2223.27,1
CLM101540,PT12787,2026-02-05,2048.81,2
CLM100878,PT12788,2026-06-23,1128.33,1
CLM100306,PT12788,2026-06-02,2202.04,2
CLM101747,PT12788,2026-01-25,2450.37,3
CLM102053,PT12790,2026-07-06,3333.64,1
CLM100780,PT12790,2026-02-22,2164.61,2
CLM102463,PT12791,2026-07-19,1120.76,1
CLM101512,PT12791,2026-06-17,1350.46,2
CLM101525,PT12792,2026-05-02,525.84,1
CLM102449,PT12792,2026-03-20,1159.15,2
CLM100286,PT12793,2026-08-09,3758.89,1
CLM100743,PT12793,2026-06-15,3018.74,2
CLM102033,PT12793,2026-05-08,1940.94,3
CLM100793,PT12794,2026-08-09,2015.3,1
CLM101995,PT12794,2026-01-19,3747.09,2
CLM101515,PT12795,2026-08-24,4063.14,1
CLM100432,PT12795,2026-07-16,4041.78,2
CLM101278,PT12795,2026-06-23,3499.28,3
CLM101520,PT12796,2026-06-11,4119.87,1
CLM101738,PT12797,2026-06-20,766.88,1
CLM101499,PT12799,2026-08-18,2944.78,1
CLM101127,PT12800,2026-08-19,1623.83,1
CLM101290,PT12800,2026-07-23,2172.28,2
CLM102293,PT12801,2026-08-02,3882.88,1
CLM101371,PT12802,2026-07-28,1917.33,1
CLM101233,PT12804,2026-07-30,1905.13,1
CLM102619,PT12804,2026-05-31,2705.35,2
CLM102078,PT12805,2026-08-30,2880.84,1
CLM100620,PT12805,2026-07-29,3688.76,2
CLM102762,PT12808,2026-04-27,324.47,1
CLM102210,PT12808,2026-01-13,979.4,2
CLM101723,PT12809,2026-08-21,1609.06,1
CLM102025,PT12812,2026-04-22,3783.97,1
CLM101107,PT12814,2026-08-27,3724.76,1
CLM102723,PT12814,2026-04-02,1818.74,2
CLM100440,PT12814,2026-03-16,1343.29,3
CLM100001,PT12815,2026-07-22,3000.21,1
CLM101411,PT12819,2026-06-29,3482.07,1
CLM102129,PT12820,2026-05-18,2817.76,1
CLM101324,PT12821,2026-07-19,1739.78,1
CLM101214,PT12823,2026-08-22,2652.83,1
CLM101886,PT12823,2026-07-27,370.16,2
CLM102713,PT12824,2026-04-01,3422.85,1
CLM100023,PT12825,2026-04-04,1036.41,1
CLM102520,PT12829,2026-02-18,2518.94,1
CLM102021,PT12831,2026-07-19,3702.17,1
CLM102245,PT12831,2026-06-19,4157.95,2
CLM101964,PT12833,2026-04-23,3134.28,1
CLM101875,PT12834,2026-07-29,2822.59,1
CLM100378,PT12836,2026-03-30,2108.14,1
CLM100320,PT12838,2026-07-26,3835.82,1
CLM102100,PT12840,2026-08-30,2769.08,1
CLM100553,PT12840,2026-08-05,1599.27,2
CLM100600,PT12840,2026-06-21,2902.24,3
CLM102791,PT12841,2026-04-13,3081.36,1
CLM100065,PT12841,2026-02-17,1896.13,2
CLM102040,PT12842,2026-04-10,1583.19,1
CLM100149,PT12844,2026-06-12,3910.92,1
CLM100773,PT12844,2026-01-17,1028.57,2
CLM102522,PT12846,2026-03-26,3062.34,1
CLM101939,PT12846,2026-02-02,2155.7,2
CLM101197,PT12848,2026-04-11,2525.36,1
CLM102190,PT12849,2026-08-06,1606.39,1
CLM101269,PT12849,2026-07-10,3580.2,2
CLM101707,PT12852,2026-02-10,380.54,1
CLM102989,PT12854,2026-08-25,557.03,1
CLM102290,PT12854,2026-03-31,1068.66,2
CLM100113,PT12855,2026-08-31,1580.2,1
CLM102427,PT12855,2026-06-23,3436.16,2
CLM102317,PT12855,2026-05-24,126.59,3
CLM101516,PT12856,2026-07-23,1980.3,1
CLM100543,PT12856,2026-07-12,3548.13,2
CLM100235,PT12856,2026-06-14,790.53,3
CLM102987,PT12856,2026-01-10,2179.89,4
CLM100817,PT12857,2026-07-04,3886.2,1
CLM100647,PT12857,2026-06-15,446.28,2
CLM101318,PT12857,2026-02-13,2101.13,3
CLM102124,PT12859,2026-08-29,1971.84,1
CLM102627,PT12859,2026-08-23,2625.85,2
CLM101176,PT12859,2026-05-01,2571.05,3
CLM100177,PT12859,2026-04-23,1855.04,4
CLM100267,PT12859,2026-01-14,1407.1,5
CLM102164,PT12859,2026-01-10,2727.3,6
CLM100442,PT12860,2026-07-27,1397,1
CLM100823,PT12860,2026-03-03,3498.18,2
CLM100601,PT12861,2026-06-10,1460.84,1
CLM102826,PT12861,2026-02-18,1933.69,2
CLM101831,PT12862,2026-08-29,1169.87,1
CLM102839,PT12862,2026-05-22,459.53,2
CLM101379,PT12864,2026-04-06,2639.77,1
CLM100398,PT12865,2026-04-19,2435.73,1
CLM102277,PT12866,2026-06-14,2246.47,1
CLM100336,PT12867,2026-05-22,2175.12,1
CLM102074,PT12867,2026-04-23,847.53,2
CLM100348,PT12870,2026-06-22,429.05,1
CLM100447,PT12873,2026-07-29,3091.82,1
CLM101559,PT12873,2026-04-29,3408.91,2
CLM102015,PT12874,2026-05-14,3048.27,1
CLM102248,PT12875,2026-02-18,951.4,1
CLM100118,PT12876,2026-04-10,369.87,1
CLM102111,PT12877,2026-02-09,484.07,1
CLM101366,PT12878,2026-06-29,1722.29,1
CLM101336,PT12879,2026-06-26,1579.37,1
CLM100664,PT12879,2026-04-21,991.18,2
CLM100484,PT12879,2026-04-08,3812.35,3
CLM102205,PT12880,2026-08-23,2949.86,1
CLM102484,PT12880,2026-02-05,4167.25,2
CLM100233,PT12881,2026-06-01,3933.41,1
CLM102513,PT12881,2026-01-08,2093.21,2
CLM102432,PT12882,2026-02-16,3624.99,1
CLM100519,PT12884,2026-06-16,2878.23,1
CLM100387,PT12886,2026-07-07,3376.4,1
CLM102602,PT12888,2026-02-13,472.39,1
CLM100129,PT12889,2026-05-21,2278.5,1
CLM100218,PT12889,2026-03-05,1861.75,2
CLM102117,PT12889,2026-02-24,750.27,3
CLM100458,PT12891,2026-07-08,3111.97,1
CLM102088,PT12892,2026-05-26,1290.27,1
CLM100307,PT12893,2026-04-22,1384.62,1
CLM101483,PT12893,2026-02-02,1344.67,2
CLM101152,PT12894,2026-01-17,1871.92,1
CLM101571,PT12896,2026-08-25,3842.34,1
CLM102698,PT12898,2026-03-13,810.01,1
CLM100737,PT12898,2026-02-23,1325.75,2
CLM102169,PT12899,2026-04-14,4159.38,1
CLM101119,PT12899,2026-01-22,2379.64,2
CLM102830,PT12900,2026-05-16,2536.97,1
CLM102306,PT12900,2026-02-15,2172.23,2
CLM102630,PT12901,2026-03-25,1853.1,1
CLM101210,PT12901,2026-02-14,448.74,2
CLM100739,PT12902,2026-07-21,3130.57,1
CLM101986,PT12903,2026-06-23,859.91,1
CLM100104,PT12903,2026-05-05,2782.14,2
CLM100884,PT12903,2026-01-21,1374,3
CLM102740,PT12907,2026-08-22,1476.49,1
CLM101445,PT12907,2026-06-28,91.29,2
CLM101625,PT12910,2026-07-29,677.02,1
CLM100800,PT12910,2026-03-13,3071.96,2
CLM102781,PT12911,2026-06-17,1130.39,1
CLM102032,PT12911,2026-05-10,3764.42,2
CLM102048,PT12912,2026-07-23,2180.59,1
CLM102381,PT12912,2026-04-24,2700.18,2
CLM102658,PT12916,2026-07-01,3097.34,1
CLM101125,PT12917,2026-07-31,1977.14,1
CLM100172,PT12917,2026-07-16,2492.51,2
CLM100144,PT12918,2026-08-16,3059.44,1
CLM102529,PT12918,2026-07-16,2384.6,2
CLM102766,PT12918,2026-03-01,1280.89,3
CLM102911,PT12919,2026-05-28,4160.22,1
CLM101376,PT12919,2026-03-06,1298,2
CLM100998,PT12923,2026-07-24,1381.08,1
CLM100363,PT12924,2026-08-10,888.08,1
CLM102899,PT12926,2026-07-26,2879.51,1
CLM101969,PT12926,2026-03-04,3255.5,2
CLM102958,PT12927,2026-06-22,3755.17,1
CLM102683,PT12928,2026-07-22,3040.7,1
CLM101845,PT12931,2026-06-26,3588.9,1
CLM101859,PT12933,2026-05-28,1550.26,1
CLM100945,PT12933,2026-02-07,3526.8,2
CLM101256,PT12935,2026-06-18,2364.81,1
CLM100995,PT12935,2026-04-20,3798.23,2
CLM101134,PT12936,2026-07-25,816.5,1
CLM101763,PT12936,2026-07-13,127.09,2
CLM102631,PT12936,2026-05-05,3085.81,3
CLM101497,PT12936,2026-04-20,1507.15,4
CLM101249,PT12938,2026-04-07,3521.62,1
CLM101881,PT12941,2026-08-20,821.8,1
CLM100097,PT12941,2026-07-25,2499.39,2
CLM101016,PT12941,2026-05-22,1777.84,3
CLM101958,PT12942,2026-07-16,3217.23,1
CLM102482,PT12943,2026-07-13,1534.35,1
CLM101633,PT12943,2026-02-24,832.03,2
CLM100555,PT12946,2026-06-03,3670.2,1
CLM102842,PT12946,2026-01-23,2203.35,2
CLM101086,PT12949,2026-01-09,1270.45,1
CLM100089,PT12950,2026-07-20,2604.1,1
CLM100395,PT12950,2026-02-06,4087.65,2
CLM102608,PT12952,2026-04-09,1679.58,1
CLM101339,PT12952,2026-01-28,3019.37,2
CLM101298,PT12953,2026-03-19,4082.06,1
CLM100952,PT12954,2026-05-29,1645.22,1
CLM100435,PT12954,2026-05-24,344.51,2
CLM100736,PT12954,2026-05-21,938.95,3
CLM100622,PT12955,2026-07-03,2092.6,1
CLM102286,PT12956,2026-07-06,1894.16,1
CLM100449,PT12957,2026-08-10,1044.75,1
CLM102080,PT12957,2026-08-05,658.61,2
CLM101813,PT12958,2026-07-30,3845,1
CLM101976,PT12959,2026-08-22,1469.79,1
CLM101187,PT12959,2026-07-01,4133.37,2
CLM100950,PT12959,2026-05-25,3351.6,3
CLM100389,PT12959,2026-02-24,3283.96,4
CLM102276,PT12960,2026-07-28,3992.93,1
CLM101882,PT12960,2026-03-30,1414.47,2
CLM102013,PT12961,2026-02-09,2968.01,1
CLM102493,PT12962,2026-08-14,3522.74,1
CLM100237,PT12964,2026-03-17,4007.17,1
CLM100175,PT12966,2026-08-28,714.41,1
CLM101036,PT12967,2026-07-20,1897.71,1
CLM101297,PT12967,2026-02-13,1822.01,2
CLM102326,PT12969,2026-04-06,2950.84,1
CLM101978,PT12970,2026-08-10,3736.3,1
CLM100410,PT12970,2026-02-10,1243.79,2
CLM100037,PT12972,2026-05-08,304.39,1
CLM100423,PT12974,2026-07-03,1769.09,1
CLM100754,PT12974,2026-03-29,1232.91,2
CLM101916,PT12975,2026-04-05,2272.57,1
CLM101705,PT12976,2026-09-01,160.83,1
CLM102130,PT12976,2026-06-03,297.99,2
CLM102913,PT12976,2026-05-15,2810.69,3
CLM100165,PT12977,2026-06-24,2776.85,1
CLM102660,PT12977,2026-01-08,1698.53,2
CLM101811,PT12980,2026-07-21,106.55,1
CLM102505,PT12980,2026-06-05,455.81,2
CLM102051,PT12980,2026-03-26,1169.86,3
CLM100115,PT12981,2026-01-06,127.91,1
CLM102528,PT12982,2026-02-22,3995.73,1
CLM102838,PT12983,2026-05-07,741.68,1
CLM101287,PT12984,2026-08-05,1616.97,1
CLM102817,PT12984,2026-04-16,678.59,2
CLM100399,PT12986,2026-05-02,2657.2,1
CLM102382,PT12986,2026-02-25,234.75,2
CLM102468,PT12988,2026-07-30,909.8,1
CLM101075,PT12989,2026-05-27,2568.63,1
CLM101447,PT12991,2026-04-18,556.6,1
CLM101328,PT12992,2026-04-01,1838.57,1
CLM100880,PT12992,2026-03-30,1406.46,2
CLM102489,PT12993,2026-06-21,1475.79,1
CLM101567,PT12994,2026-08-14,1040.39,1
CLM100751,PT12994,2026-02-12,186.18,2
CLM100096,PT12996,2026-04-30,2690.49,1
CLM102139,PT12996,2026-04-06,1350.21,2
CLM100474,PT12996,2026-03-05,3340.81,3
CLM101116,PT12998,2026-06-08,1966.86,1
CLM101045,PT12999,2026-02-23,1109.69,1
