claim_id,patient_id,payer,billed_amount,billing_quartile
CLM100944,PT11388,Medicare,4199.7,1
CLM100062,PT12776,Cigna,4199.57,1
CLM101313,PT11159,UnitedHealthcare,4198.11,1
CLM102112,PT11909,Cigna,4197.5,1
CLM101098,PT11337,Medicaid,4196.23,1
CLM101992,PT12449,Cigna,4195.43,1
CLM102824,PT12392,"Blue Cross",4194.56,1
CLM102176,PT10095,Cigna,4192.7,1
CLM101798,PT10722,Cigna,4190.66,1
CLM102405,PT11403,Cigna,4189.91,1
CLM102019,PT10642,"Blue Cross",4187.94,1
CLM100105,PT11042,UnitedHealthcare,4186.9,1
CLM102714,PT12258,Medicare,4183.55,1
CLM101372,PT10392,Medicaid,4182.71,1
CLM102134,PT12674,Medicaid,4182.37,1
CLM101956,PT10942,"Blue Cross",4180.46,1
CLM102892,PT11258,Cigna,4180.29,1
CLM100360,PT10210,UnitedHealthcare,4179.59,1
CLM100334,PT10649,UnitedHealthcare,4177.89,1
CLM102005,PT10945,Medicaid,4176.62,1
CLM101717,PT11414,Cigna,4174.41,1
CLM100744,PT10026,UnitedHealthcare,4170.67,1
CLM102805,PT12431,Cigna,4170.53,1
CLM101204,PT12777,"Blue Cross",4170.38,1
CLM102089,PT10568,Aetna,4169.32,1
CLM102484,PT12880,UnitedHealthcare,4167.25,1
CLM101610,PT11910,Medicare,4164.06,1
CLM100865,PT11572,Cigna,4163.54,1
CLM100112,PT10594,"Blue Cross",4163.28,1
CLM102836,PT10872,Medicare,4163.09,1
CLM101283,PT10863,"Blue Cross",4162.05,1
CLM101108,PT10459,"Blue Cross",4161,1
CLM102911,PT12919,"Blue Cross",4160.22,1
CLM102169,PT12899,"Blue Cross",4159.38,1
CLM102245,PT12831,UnitedHealthcare,4157.95,1
CLM102583,PT12015,Medicare,4156.96,1
CLM102158,PT11450,"Blue Cross",4156.64,1
CLM100134,PT10299,Medicare,4156.32,1
CLM101133,PT11184,Cigna,4152.95,1
CLM102849,PT12182,UnitedHealthcare,4152.26,1
CLM102232,PT11465,"Blue Cross",4151.19,1
CLM101239,PT10315,UnitedHealthcare,4150.98,1
CLM101415,PT11853,"Blue Cross",4149.97,1
CLM101274,PT11974,Medicaid,4149.38,1
CLM100690,PT11149,Medicare,4149.21,1
CLM101608,PT10307,Aetna,4146.18,1
CLM101434,PT11850,Medicare,4145.63,1
CLM102296,PT12241,Aetna,4143.63,1
CLM100894,PT11220,"Blue Cross",4141.18,1
CLM102333,PT12082,Medicaid,4138.48,1
CLM102151,PT12236,"Blue Cross",4137.97,1
CLM100187,PT12649,UnitedHealthcare,4135.67,1
CLM102727,PT10766,Aetna,4133.83,1
CLM101187,PT12959,Medicare,4133.37,1
CLM101551,PT11251,Medicaid,4132.89,1
CLM101416,PT11878,Medicare,4131.35,1
CLM101998,PT12776,"Blue Cross",4130.82,1
CLM102796,PT10160,Aetna,4129.09,1
CLM100379,PT10110,Aetna,4128.56,1
CLM102525,PT10377,"Blue Cross",4128.31,1
CLM100854,PT10976,"Blue Cross",4128.19,1
CLM100369,PT12474,Medicare,4122.12,1
CLM100317,PT12553,Medicare,4121.73,1
CLM101306,PT11341,Medicare,4121.01,1
CLM101520,PT12796,Aetna,4119.87,1
CLM102174,PT12263,Cigna,4118.29,1
CLM100539,PT11009,Medicare,4116.79,1
CLM102665,PT10707,UnitedHealthcare,4116.34,1
CLM102625,PT12531,Medicare,4116.14,1
CLM100592,PT12209,"Blue Cross",4115.6,1
CLM102564,PT11436,Cigna,4115.57,1
CLM100750,PT10703,Aetna,4114.65,1
CLM102414,PT11315,Medicare,4113.62,1
CLM101909,PT11181,Medicaid,4111.66,1
CLM102596,PT12663,Aetna,4110.83,1
CLM100935,PT11802,Cigna,4106.81,1
CLM102062,PT10774,"Blue Cross",4106.32,1
CLM102678,PT10874,Medicaid,4105.56,1
CLM101793,PT12288,Cigna,4103.84,1
CLM101216,PT11556,Medicaid,4101.38,1
CLM102075,PT10476,"Blue Cross",4099.92,1
CLM100991,PT11919,Medicaid,4099.35,1
CLM102531,PT11757,"Blue Cross",4094.45,1
CLM102264,PT12766,Medicaid,4093.23,1
CLM101622,PT12405,"Blue Cross",4092.62,1
CLM100774,PT12134,"Blue Cross",4087.68,1
CLM100395,PT12950,UnitedHealthcare,4087.65,1
CLM102831,PT11131,"Blue Cross",4084.81,1
CLM101731,PT11710,Medicaid,4084.75,1
CLM100989,PT12654,"Blue Cross",4084.69,1
CLM102970,PT12480,UnitedHealthcare,4083.83,1
CLM100693,PT10306,Medicaid,4083.58,1
CLM100311,PT11798,"Blue Cross",4082.5,1
CLM101298,PT12953,Medicaid,4082.06,1
CLM102481,PT12362,Medicaid,4081.84,1
CLM102492,PT10155,Medicare,4079.29,1
CLM101999,PT12617,Medicare,4074.09,1
CLM102166,PT12164,Medicaid,4071.81,1
CLM100357,PT12194,Medicare,4069.88,1
CLM102730,PT11803,UnitedHealthcare,4066.6,1
CLM100523,PT10645,Cigna,4066.54,1
CLM102569,PT10828,Cigna,4065.65,1
CLM102962,PT10849,"Blue Cross",4063.89,1
CLM101515,PT12795,UnitedHealthcare,4063.14,1
CLM102990,PT11232,Medicare,4061.83,1
CLM101932,PT12668,Medicaid,4060.58,1
CLM101682,PT11736,"Blue Cross",4059.38,1
CLM101536,PT12181,Cigna,4059.05,1
CLM101142,PT10048,"Blue Cross",4058.76,1
CLM101369,PT10071,Medicaid,4058.63,1
CLM101040,PT10906,"Blue Cross",4057.58,1
CLM100936,PT11427,Medicare,4050.48,1
CLM101110,PT11121,Cigna,4047.84,1
CLM102499,PT10466,UnitedHealthcare,4043.71,1
CLM102073,PT11385,"Blue Cross",4041.82,1
CLM100432,PT12795,UnitedHealthcare,4041.78,1
CLM100798,PT10650,Aetna,4039.77,1
CLM100930,PT10988,Medicare,4035.94,1
CLM101039,PT10396,Aetna,4035.28,1
CLM100352,PT11472,Aetna,4034.83,1
CLM102995,PT12244,"Blue Cross",4033.24,1
CLM102332,PT12291,Medicaid,4029.92,1
CLM100529,PT10390,Cigna,4026.68,1
CLM102041,PT11053,Cigna,4025.55,1
CLM101207,PT11012,"Blue Cross",4025.2,1
CLM102523,PT12280,Cigna,4023.89,1
CLM101880,PT12307,Cigna,4018.92,1
CLM101575,PT12397,Cigna,4018.66,1
CLM101857,PT10317,Cigna,4017.86,1
CLM100429,PT12338,"Blue Cross",4017.58,1
CLM101630,PT10012,UnitedHealthcare,4016.39,1
CLM102146,PT10666,"Blue Cross",4015.79,1
CLM102311,PT10554,Medicaid,4013.63,1
CLM102474,PT12093,Medicare,4013.63,1
CLM102511,PT10621,UnitedHealthcare,4013.61,1
CLM102046,PT12548,UnitedHealthcare,4012.86,1
CLM102555,PT10068,Cigna,4012.84,1
CLM100705,PT11174,Medicaid,4011.88,1
CLM101330,PT10678,Aetna,4011.59,1
CLM100721,PT11973,Medicare,4007.97,1
CLM100237,PT12964,UnitedHealthcare,4007.17,1
CLM102559,PT12178,"Blue Cross",4004.64,1
CLM102182,PT11914,"Blue Cross",4002.29,1
CLM102047,PT12599,Medicare,4001.26,1
CLM100715,PT12277,Aetna,4001.11,1
CLM102314,PT10970,Medicare,3997.71,1
CLM100566,PT11076,Medicaid,3997.54,1
CLM100546,PT12038,Cigna,3996.07,1
CLM102528,PT12982,UnitedHealthcare,3995.73,1
CLM102565,PT12437,Cigna,3993.35,1
CLM101664,PT10261,"Blue Cross",3993.11,1
CLM102276,PT12960,Aetna,3992.93,1
CLM100521,PT12669,Cigna,3991.02,1
CLM102694,PT11965,Medicaid,3990.49,1
CLM102809,PT10707,"Blue Cross",3990.31,1
CLM102720,PT10961,"Blue Cross",3988.16,1
CLM101543,PT12146,Cigna,3987.37,1
CLM100615,PT12512,UnitedHealthcare,3983.42,1
CLM101121,PT11338,Medicaid,3982.48,1
CLM102388,PT10730,Cigna,3980.34,1
CLM100070,PT12555,Medicare,3979.99,1
CLM101766,PT12165,Medicaid,3978.26,1
CLM100808,PT11792,Cigna,3976.61,1
CLM102961,PT11644,Medicare,3975.72,1
CLM102930,PT12043,Cigna,3971.28,1
CLM100230,PT12762,Medicare,3968.94,1
CLM102429,PT11259,UnitedHealthcare,3960.69,1
CLM101226,PT12466,UnitedHealthcare,3960.41,1
CLM101305,PT12409,"Blue Cross",3960.19,1
CLM102684,PT11546,"Blue Cross",3959.46,1
CLM102267,PT12043,Medicare,3957.32,1
CLM102814,PT11281,UnitedHealthcare,3956.87,1
CLM100342,PT11180,UnitedHealthcare,3952.34,1
CLM101112,PT12227,Medicare,3950.94,1
CLM101887,PT10117,Medicaid,3949.26,1
CLM102652,PT12029,Medicare,3949.16,1
CLM100168,PT11649,Medicaid,3947.33,1
CLM100946,PT10639,Cigna,3943.55,1
CLM100924,PT11230,"Blue Cross",3941.72,1
CLM102757,PT10548,Medicaid,3941.66,1
CLM101064,PT10013,Medicare,3940.03,1
CLM102375,PT10761,Medicare,3938.88,1
CLM101602,PT12073,Medicare,3937.36,1
CLM101955,PT11030,Medicaid,3935.82,1
CLM100233,PT12881,UnitedHealthcare,3933.41,1
CLM102553,PT10576,Cigna,3931.62,1
CLM101145,PT11506,Medicare,3930.26,1
CLM101094,PT12201,Aetna,3928.28,1
CLM102349,PT12178,"Blue Cross",3926.55,1
CLM102386,PT10745,Medicaid,3924.91,1
CLM102994,PT12084,Aetna,3924.41,1
CLM102244,PT12368,Aetna,3921.74,1
CLM101220,PT12327,Cigna,3918.75,1
CLM100922,PT10625,Medicaid,3918.6,1
CLM100559,PT10325,Medicare,3918.21,1
CLM100613,PT10106,"Blue Cross",3917.24,1
CLM100531,PT11269,Cigna,3916.87,1
CLM100564,PT11485,UnitedHealthcare,3914.97,1
CLM100160,PT11459,Aetna,3914.83,1
CLM101113,PT10816,Cigna,3914.38,1
CLM100848,PT11801,UnitedHealthcare,3914.08,1
CLM100673,PT11603,Medicare,3912.33,1
CLM100149,PT12844,Aetna,3910.92,1
CLM100404,PT11936,"Blue Cross",3910.44,1
CLM100602,PT10919,Aetna,3908.35,1
CLM102806,PT10247,Aetna,3908.07,1
CLM101365,PT11322,Aetna,3907.96,1
CLM101327,PT10206,Aetna,3897.87,1
CLM101944,PT10631,Medicaid,3894.9,1
CLM100941,PT10324,UnitedHealthcare,3893.56,1
CLM102365,PT11349,Cigna,3889.09,1
CLM102783,PT10354,Aetna,3888.42,1
CLM100817,PT12857,"Blue Cross",3886.2,1
CLM100094,PT12516,"Blue Cross",3884.4,1
CLM102293,PT12801,"Blue Cross",3882.88,1
CLM102790,PT12607,Cigna,3882.77,1
CLM102278,PT11539,UnitedHealthcare,3882.68,1
CLM100051,PT10783,UnitedHealthcare,3881.26,1
CLM101173,PT11772,Aetna,3880.74,1
CLM100612,PT12608,"Blue Cross",3873.44,1
CLM100414,PT11201,Medicare,3870.9,1
CLM101984,PT12515,Medicare,3868.95,1
CLM100220,PT11344,"Blue Cross",3864.16,1
CLM101967,PT11276,UnitedHealthcare,3863.61,1
CLM100549,PT11467,Medicare,3862.29,1
CLM100882,PT11848,"Blue Cross",3859.34,1
CLM101611,PT12763,Medicare,3855.31,1
CLM102055,PT12640,"Blue Cross",3854.85,1
CLM102897,PT10745,Cigna,3852.68,1
CLM101953,PT10850,UnitedHealthcare,3852.4,1
CLM101643,PT10680,Cigna,3852.03,1
CLM102893,PT11000,UnitedHealthcare,3850.07,1
CLM100082,PT11569,Aetna,3849.21,1
CLM101375,PT11551,Cigna,3848.06,1
CLM101813,PT12958,Medicare,3845,1
CLM102643,PT12003,UnitedHealthcare,3844.21,1
CLM101519,PT12715,UnitedHealthcare,3844.18,1
CLM102214,PT12099,UnitedHealthcare,3843.76,1
CLM101571,PT12896,"Blue Cross",3842.34,1
CLM101105,PT11734,UnitedHealthcare,3841.29,1
CLM100504,PT11605,"Blue Cross",3839.03,1
CLM102294,PT12182,Medicare,3838.51,1
CLM101574,PT10570,"Blue Cross",3837.38,1
CLM100320,PT12838,UnitedHealthcare,3835.82,1
CLM101462,PT11467,"Blue Cross",3835.38,1
CLM101055,PT12332,Aetna,3834.07,1
CLM100136,PT12055,"Blue Cross",3833.68,1
CLM100697,PT11290,UnitedHealthcare,3832.25,1
CLM101326,PT11518,Cigna,3831.87,1
CLM100224,PT11123,Medicare,3831.76,1
CLM100331,PT11914,Medicaid,3829.94,1
CLM102650,PT12713,"Blue Cross",3827.4,1
CLM102739,PT10459,Medicare,3824.81,1
CLM101126,PT11997,Medicaid,3821.28,1
CLM101253,PT10170,UnitedHealthcare,3817.92,1
CLM100921,PT10370,Medicaid,3816.83,1
CLM102010,PT10919,Aetna,3815.48,1
CLM101193,PT11905,Aetna,3813.56,1
CLM100484,PT12879,Medicare,3812.35,1
CLM100557,PT11827,"Blue Cross",3811.61,1
CLM101406,PT10359,"Blue Cross",3810.21,1
CLM102612,PT12583,Aetna,3810.01,1
CLM101613,PT11420,"Blue Cross",3807.67,1
CLM101227,PT11752,UnitedHealthcare,3806.52,1
CLM102222,PT12323,UnitedHealthcare,3804.69,1
CLM100004,PT12766,Aetna,3802.98,1
CLM102576,PT12408,Cigna,3799.34,1
CLM102440,PT10328,"Blue Cross",3799.09,1
CLM100995,PT12935,UnitedHealthcare,3798.23,1
CLM102543,PT10189,"Blue Cross",3798.07,1
CLM102654,PT10772,"Blue Cross",3797.23,1
CLM102324,PT11931,"Blue Cross",3797.13,1
CLM101048,PT11770,"Blue Cross",3795.77,1
CLM100796,PT11618,Aetna,3794.89,1
CLM101799,PT12111,Cigna,3794.31,1
CLM102026,PT12591,Aetna,3791.24,1
CLM101701,PT12122,Cigna,3789.42,1
CLM102515,PT10646,Aetna,3788.72,1
CLM100499,PT11233,Medicaid,3785.98,1
CLM102538,PT10824,Medicare,3785.24,1
CLM101492,PT12067,UnitedHealthcare,3784.1,1
CLM102025,PT12812,Medicare,3783.97,1
CLM101577,PT10692,Medicaid,3783.57,1
CLM101665,PT12081,"Blue Cross",3782.8,1
CLM101963,PT10014,"Blue Cross",3780.39,1
CLM102198,PT12106,Medicare,3779.41,1
CLM100472,PT10402,Medicaid,3778.33,1
CLM102251,PT10018,,3777.9,1
CLM100417,PT10958,Cigna,3776.01,1
CLM102848,PT11276,Medicare,3775.27,1
CLM102521,PT11121,Aetna,3771.99,1
CLM101778,PT10864,Cigna,3770.4,1
CLM101847,PT11138,Medicaid,3769.6,1
CLM100982,PT12696,UnitedHealthcare,3768.84,1
CLM102032,PT12911,"Blue Cross",3764.42,1
CLM100294,PT12344,Medicare,3764.23,1
CLM100689,PT11162,Medicare,3763.22,1
CLM100487,PT10623,Medicare,3763.2,1
CLM102091,PT10655,Cigna,3763.11,1
CLM102859,PT11274,Medicaid,3762.71,1
CLM101381,PT11695,"Blue Cross",3761.06,1
CLM100855,PT12261,Medicaid,3759.8,1
CLM100645,PT11032,"Blue Cross",3759.18,1
CLM100286,PT12793,Cigna,3758.89,1
CLM101746,PT11618,Cigna,3758.74,1
CLM100963,PT12490,Medicaid,3757.69,1
CLM100918,PT12494,UnitedHealthcare,3756.09,1
CLM101467,PT12402,UnitedHealthcare,3756.05,1
CLM100012,PT10780,Aetna,3755.39,1
CLM102958,PT12927,Medicare,3755.17,1
CLM102199,PT10606,"Blue Cross",3754.95,1
CLM100031,PT11988,Medicare,3747.94,1
CLM101650,PT11280,Medicare,3747.34,1
CLM101995,PT12794,Cigna,3747.09,1
CLM101263,PT12062,"Blue Cross",3745.89,1
CLM102595,PT12645,UnitedHealthcare,3744.25,1
CLM100226,PT10319,Medicaid,3741.43,1
CLM100029,PT11284,Cigna,3741.19,1
CLM102255,PT11004,"Blue Cross",3740.63,1
CLM100671,PT12694,Cigna,3737.97,1
CLM100928,PT11946,Medicare,3737.48,1
CLM101978,PT12970,,3736.3,1
CLM102591,PT11510,UnitedHealthcare,3734.49,1
CLM100981,PT10477,"Blue Cross",3733.83,1
CLM100315,PT11595,Medicare,3733.59,1
CLM101180,PT12685,Medicaid,3730.89,1
CLM100126,PT11002,Medicaid,3729.28,1
CLM101981,PT12768,Medicaid,3729.13,1
CLM101936,PT10500,Cigna,3728.97,1
CLM101581,PT12600,Cigna,3727.47,1
CLM101535,PT12165,Aetna,3725,1
CLM101107,PT12814,Cigna,3724.76,1
CLM101632,PT11392,Aetna,3724.27,1
CLM100438,PT11579,UnitedHealthcare,3723.22,1
CLM100771,PT10357,"Blue Cross",3721.9,1
CLM102035,PT11899,Aetna,3718.27,1
CLM102012,PT11885,Medicare,3716.46,1
CLM101878,PT10444,Cigna,3716.23,1
CLM101421,PT12459,Medicare,3714.26,1
CLM100106,PT10050,"Blue Cross",3713.79,1
CLM100849,PT10127,UnitedHealthcare,3713.3,1
CLM100508,PT12127,Aetna,3712.89,1
CLM100506,PT11850,UnitedHealthcare,3711.67,1
CLM101246,PT12169,UnitedHealthcare,3711.48,1
CLM102927,PT12371,Cigna,3710.53,1
CLM100906,PT10043,Aetna,3707.98,1
CLM102526,PT11244,"Blue Cross",3707.3,1
CLM102750,PT10466,Medicare,3707.23,1
CLM101565,PT12157,Cigna,3706.46,1
CLM100137,PT12397,Cigna,3704.39,1
CLM100431,PT11088,Medicare,3703.88,1
CLM102281,PT11935,UnitedHealthcare,3703.47,1
CLM102021,PT12831,"Blue Cross",3702.17,1
CLM102370,PT11474,Cigna,3701.45,1
CLM101493,PT10289,"Blue Cross",3699.28,1
CLM100575,PT10183,UnitedHealthcare,3698.97,1
CLM102444,PT10910,Aetna,3698.6,1
CLM101198,PT11327,Medicaid,3698.32,1
CLM101321,PT10186,Aetna,3692.65,1
CLM101452,PT11116,Cigna,3689.66,1
CLM100620,PT12805,Aetna,3688.76,1
CLM101614,PT12406,Medicaid,3687.87,1
CLM102869,PT11268,UnitedHealthcare,3687.56,1
CLM100058,PT11823,Cigna,3684.37,1
CLM102934,PT10101,"Blue Cross",3679.77,1
CLM100887,PT11505,Medicaid,3679.07,1
CLM101251,PT11917,UnitedHealthcare,3676.66,1
CLM101225,PT10654,UnitedHealthcare,3675.9,1
CLM100599,PT10726,Cigna,3672.72,1
CLM100555,PT12946,UnitedHealthcare,3670.2,1
CLM102345,PT10642,Medicaid,3667.88,1
CLM102906,PT12177,Medicaid,3667.09,1
CLM100223,PT10277,Cigna,3666.66,1
CLM102072,PT10804,UnitedHealthcare,3665.58,1
CLM102909,PT12042,UnitedHealthcare,3663.9,1
CLM101276,PT10080,"Blue Cross",3663.32,1
CLM101560,PT10825,Cigna,3663.29,1
CLM100505,PT10792,Cigna,3663.09,1
CLM100466,PT10541,"Blue Cross",3661.07,1
CLM101772,PT10878,UnitedHealthcare,3660.22,1
CLM101561,PT10481,"Blue Cross",3655.75,1
CLM100489,PT12343,Aetna,3655.35,1
CLM100940,PT11883,"Blue Cross",3654.97,1
CLM102632,PT11847,Aetna,3651.28,1
CLM100262,PT11804,"Blue Cross",3650.36,1
CLM100102,PT11003,Cigna,3650.32,1
CLM100368,PT11685,Cigna,3649.08,1
CLM100660,PT10012,Medicare,3648.12,1
CLM102165,PT10105,Cigna,3646.68,1
CLM102846,PT11621,UnitedHealthcare,3644.09,1
CLM102256,PT11234,Medicaid,3642.54,1
CLM101838,PT12356,Medicare,3641.43,1
CLM100579,PT11595,Medicare,3641.1,1
CLM102795,PT12615,UnitedHealthcare,3640.71,1
CLM101716,PT11284,Medicaid,3640.12,1
CLM102116,PT11673,"Blue Cross",3638.73,1
CLM100809,PT11516,Medicare,3637.96,1
CLM101232,PT10134,UnitedHealthcare,3629.45,1
CLM101252,PT11350,Aetna,3629.32,1
CLM102432,PT12882,Medicare,3624.99,1
CLM101727,PT11896,Aetna,3624.21,1
CLM101807,PT11413,Aetna,3623.75,1
CLM100056,PT12194,Cigna,3620.6,1
CLM102456,PT10184,"Blue Cross",3619.9,1
CLM101708,PT11769,"Blue Cross",3619.15,1
CLM100708,PT10646,Medicaid,3618.8,1
CLM101346,PT11279,Aetna,3618.62,1
CLM101275,PT12784,Medicaid,3617.4,1
CLM100755,PT12688,UnitedHealthcare,3617.24,1
CLM100206,PT10771,Cigna,3616.99,1
CLM101980,PT11294,Cigna,3614.98,1
CLM100522,PT11189,Medicare,3614.67,1
CLM101325,PT10754,Cigna,3613.29,1
CLM100965,PT12733,Medicare,3610.45,1
CLM100068,PT10950,Medicare,3610.15,1
CLM100500,PT11107,Medicaid,3608.97,1
CLM102132,PT11068,UnitedHealthcare,3608.6,1
CLM102647,PT12231,Medicaid,3605.57,1
CLM100044,PT11643,Aetna,3604.76,1
CLM101732,PT11936,Aetna,3604.17,1
CLM102186,PT11679,Aetna,3602.87,1
CLM101678,PT12156,Medicare,3601.68,1
CLM101211,PT10675,Cigna,3599.87,1
CLM101480,PT10045,Medicare,3597.94,1
CLM102431,PT10490,Cigna,3597.84,1
CLM101822,PT12356,Medicare,3596.27,1
CLM100643,PT10469,UnitedHealthcare,3595.49,1
CLM102548,PT11970,Aetna,3592.17,1
CLM100403,PT10895,UnitedHealthcare,3589.65,1
CLM101835,PT11443,"Blue Cross",3589.52,1
CLM102878,PT11296,Medicaid,3589.2,1
CLM102374,PT12770,Aetna,3589.01,1
CLM101845,PT12931,UnitedHealthcare,3588.9,1
CLM101818,PT11395,Medicaid,3587.26,1
CLM100644,PT11371,Aetna,3584.85,1
CLM100530,PT12476,UnitedHealthcare,3583.8,1
CLM102999,PT10944,Medicare,3580.5,1
CLM100584,PT12192,"Blue Cross",3580.45,1
CLM101269,PT12849,Medicare,3580.2,1
CLM101626,PT12457,"Blue Cross",3578.56,1
CLM100781,PT12221,Medicaid,3576.44,1
CLM101573,PT11953,Medicare,3575.51,1
CLM100361,PT11954,Medicaid,3575.42,1
CLM101990,PT11900,Medicare,3574.37,1
CLM101271,PT10540,Aetna,3570.54,1
CLM102279,PT12383,Aetna,3568.85,1
CLM100153,PT10233,Aetna,3567.11,1
CLM102524,PT12120,Aetna,3566.69,1
CLM100893,PT10242,Cigna,3564.2,1
CLM100789,PT11446,Aetna,3561.79,1
CLM102966,PT10103,Aetna,3561.04,1
CLM100838,PT10543,UnitedHealthcare,3560.78,1
CLM100702,PT12396,UnitedHealthcare,3557.92,1
CLM100353,PT12646,Medicare,3554.22,1
CLM102929,PT10049,"Blue Cross",3552.76,1
CLM101292,PT11083,UnitedHealthcare,3551.98,1
CLM100830,PT10158,Cigna,3551.54,1
CLM101030,PT11200,Aetna,3550.93,1
CLM100543,PT12856,"Blue Cross",3548.13,1
CLM102495,PT10965,Cigna,3546.77,1
CLM101432,PT10271,UnitedHealthcare,3545.44,1
CLM100839,PT11033,Medicaid,3543.13,1
CLM100433,PT10572,UnitedHealthcare,3540.32,1
CLM100792,PT11468,UnitedHealthcare,3540.11,1
CLM102200,PT12415,Medicaid,3539.61,1
CLM102087,PT12089,UnitedHealthcare,3537.88,1
CLM101418,PT11423,Aetna,3534.15,1
CLM102585,PT12531,Aetna,3534.06,1
CLM100945,PT12933,UnitedHealthcare,3526.8,1
CLM100632,PT10625,Medicaid,3525.49,1
CLM101777,PT12113,Medicaid,3525.13,1
CLM102493,PT12962,Cigna,3522.74,1
CLM101249,PT12938,UnitedHealthcare,3521.62,1
CLM102185,PT11309,Aetna,3519.58,1
CLM101594,PT11775,Medicare,3517.02,1
CLM100111,PT12516,UnitedHealthcare,3515.66,1
CLM102680,PT10190,Medicare,3515.3,1
CLM102769,PT10428,Medicaid,3510.85,1
CLM100603,PT11024,Medicare,3510.67,1
CLM102399,PT12666,Medicaid,3510.43,1
CLM101377,PT12100,Medicaid,3508.48,1
CLM102042,PT12779,"Blue Cross",3506.62,1
CLM101308,PT10499,UnitedHealthcare,3504.14,1
CLM102208,PT10316,Aetna,3503.21,1
CLM101278,PT12795,Medicare,3499.28,1
CLM100823,PT12860,Medicaid,3498.18,1
CLM100782,PT11125,Cigna,3497.34,1
CLM100722,PT12182,Aetna,3494.91,1
CLM101219,PT10247,UnitedHealthcare,3492.69,1
CLM102018,PT10389,Cigna,3491.6,1
CLM101448,PT11780,Medicaid,3489.75,1
CLM101396,PT10829,Medicaid,3489.57,1
CLM102001,PT12411,"Blue Cross",3489.24,1
CLM100973,PT10842,Medicare,3485.82,1
CLM100875,PT10325,UnitedHealthcare,3485.42,1
CLM101413,PT12277,UnitedHealthcare,3482.13,1
CLM101411,PT12819,Medicaid,3482.07,1
CLM101530,PT10204,"Blue Cross",3481.34,1
CLM102002,PT11952,"Blue Cross",3481.22,1
CLM100492,PT10855,Medicaid,3480.19,1
CLM101712,PT12062,UnitedHealthcare,3479.88,1
CLM100778,PT12194,Aetna,3479.42,1
CLM100312,PT10037,"Blue Cross",3475.61,1
CLM100494,PT11883,Aetna,3475.6,1
CLM101270,PT12710,UnitedHealthcare,3474.34,1
CLM100453,PT11076,UnitedHealthcare,3471.84,1
CLM101673,PT12089,UnitedHealthcare,3471.55,1
CLM101212,PT12723,"Blue Cross",3468.26,1
CLM102336,PT11284,Aetna,3467.01,1
CLM100005,PT12610,UnitedHealthcare,3466.35,1
CLM102758,PT11819,Cigna,3465.67,1
CLM102843,PT10453,Medicaid,3461.02,1
CLM100003,PT10852,Cigna,3459.58,1
CLM100242,PT12181,UnitedHealthcare,3457.58,1
CLM100114,PT10671,"Blue Cross",3457.1,1
CLM102058,PT10454,Cigna,3455.21,1
CLM102295,PT12015,Medicare,3455.14,1
CLM102320,PT10598,Aetna,3454.82,1
CLM101532,PT11156,Medicare,3454.32,1
CLM100100,PT10218,Cigna,3453.75,1
CLM100877,PT11771,Cigna,3453.16,1
CLM102933,PT10273,Aetna,3452.1,1
CLM100657,PT12778,"Blue Cross",3451.67,1
CLM101596,PT10445,Cigna,3449.33,1
CLM102823,PT10483,Medicaid,3448.23,1
CLM101730,PT12213,Medicare,3448.16,1
CLM101427,PT11411,Aetna,3447.95,1
CLM102420,PT10113,Cigna,3445.43,1
CLM102852,PT10275,Aetna,3445.01,1
CLM101689,PT10618,UnitedHealthcare,3444.68,1
CLM102092,PT12195,Aetna,3444.27,1
CLM102734,PT10340,Medicaid,3444.07,1
CLM102556,PT10213,Aetna,3443.95,1
CLM102593,PT10526,Cigna,3442.81,1
CLM100888,PT11525,Cigna,3440.42,1
CLM100166,PT11256,Medicare,3440.15,1
CLM100842,PT11654,"Blue Cross",3439.91,1
CLM102275,PT11219,Cigna,3439.45,1
CLM102545,PT12024,Cigna,3437.92,1
CLM102427,PT12855,"Blue Cross",3436.16,1
CLM101333,PT10340,Medicaid,3434.2,1
CLM102487,PT10880,UnitedHealthcare,3432.34,1
CLM101595,PT10675,"Blue Cross",3432.08,1
CLM100365,PT10219,"Blue Cross",3431.92,1
CLM101112,PT10073,Medicare,3431.32,1
CLM102928,PT11289,Aetna,3429.64,1
CLM102472,PT12093,"Blue Cross",3427.88,1
CLM100866,PT11554,"Blue Cross",3427.84,1
CLM102745,PT12278,"Blue Cross",3427.48,1
CLM101829,PT11929,"Blue Cross",3427.29,1
CLM100400,PT10422,Medicare,3425.82,1
CLM101538,PT11934,UnitedHealthcare,3423.69,1
CLM102713,PT12824,Medicare,3422.85,1
CLM101784,PT12557,"Blue Cross",3422.32,1
CLM101578,PT11890,Medicare,3421.34,1
CLM101120,PT12653,Cigna,3419.52,1
CLM101392,PT12379,"Blue Cross",3419.22,1
CLM101749,PT10420,Cigna,3417.56,1
CLM100501,PT11851,"Blue Cross",3416.26,1
CLM101617,PT11090,UnitedHealthcare,3413.39,1
CLM101597,PT11530,UnitedHealthcare,3411.81,1
CLM100772,PT12194,Cigna,3410.55,1
CLM101559,PT12873,Aetna,3408.91,1
CLM101951,PT12601,Aetna,3407.42,1
CLM100686,PT10250,Cigna,3405.59,1
CLM100316,PT11036,"Blue Cross",3401.58,1
CLM102552,PT11662,Aetna,3401.37,1
CLM100326,PT12414,Aetna,3401.08,1
CLM100109,PT11528,Medicare,3399.9,1
CLM102011,PT10074,Cigna,3399.48,1
CLM101166,PT12775,Cigna,3392.84,1
CLM101080,PT10721,Cigna,3390.26,1
CLM100073,PT12169,Medicaid,3389.54,1
CLM100207,PT11104,,3389.05,1
CLM102049,PT12042,Medicaid,3386.92,1
CLM101343,PT12748,Medicaid,3386.86,1
CLM101752,PT12348,"Blue Cross",3386.58,1
CLM100563,PT10834,Medicaid,3385.76,1
CLM100387,PT12886,"Blue Cross",3376.4,1
CLM101334,PT11580,"Blue Cross",3376.36,1
CLM101041,PT11657,"Blue Cross",3373.85,1
CLM100459,PT10049,Cigna,3373.57,1
CLM102224,PT11280,Medicaid,3371.74,1
CLM100703,PT12498,"Blue Cross",3370.82,1
CLM102662,PT12543,Cigna,3368.01,1
CLM101680,PT11044,"Blue Cross",3365.81,1
CLM101761,PT12645,"Blue Cross",3364.12,1
CLM102352,PT11167,Medicare,3363.08,1
CLM101989,PT10033,"Blue Cross",3360.19,1
CLM100006,PT12751,Aetna,3357.7,1
CLM101303,PT10659,"Blue Cross",3357.55,1
CLM100016,PT12048,Medicare,3353.25,1
CLM100087,PT11197,Medicaid,3353.07,1
CLM100950,PT12959,UnitedHealthcare,3351.6,1
CLM101279,PT11245,Aetna,3351.43,1
CLM102385,PT11851,Medicaid,3350.55,1
CLM101699,PT10947,Aetna,3347.9,1
CLM101477,PT10609,Medicaid,3345.53,1
CLM100831,PT10309,Medicaid,3344.66,1
CLM101062,PT11362,Aetna,3344.32,1
CLM102715,PT11797,UnitedHealthcare,3342.94,1
CLM102914,PT11202,Aetna,3341.74,1
CLM100474,PT12996,Medicare,3340.81,1
CLM100490,PT11593,Medicaid,3339.21,1
CLM100079,PT10809,UnitedHealthcare,3335.31,1
CLM102152,PT10199,Cigna,3334.89,1
CLM101140,PT10105,Cigna,3334.42,1
CLM102053,PT12790,"Blue Cross",3333.64,1
CLM101815,PT11049,Medicare,3332.47,1
CLM102006,PT10897,Medicaid,3331.39,1
CLM101049,PT12781,"Blue Cross",3328.3,1
CLM100108,PT12514,Aetna,3327.31,1
CLM102059,PT12187,"Blue Cross",3327.03,1
CLM102171,PT11533,Medicare,3326.74,1
CLM102490,PT12707,Cigna,3326.57,1
CLM100128,PT11965,Cigna,3321.75,1
CLM100337,PT11959,Aetna,3321.38,1
CLM102946,PT10376,UnitedHealthcare,3319.79,1
CLM102464,PT12468,Medicaid,3319.29,1
CLM102106,PT12611,Medicare,3315.17,1
CLM102702,PT11222,Aetna,3314.26,1
CLM102639,PT11932,Medicare,3313.87,1
CLM101430,PT10793,Medicare,3313.75,1
CLM101637,PT10176,"Blue Cross",3313.64,1
CLM102207,PT10828,Cigna,3313.36,1
CLM101931,PT12511,"Blue Cross",3310.38,1
CLM100099,PT11073,UnitedHealthcare,3309.33,1
CLM101891,PT11121,Medicare,3308.13,1
CLM102453,PT12393,Medicaid,3303.34,1
CLM101241,PT12279,Aetna,3300.31,1
CLM102093,PT10387,Medicaid,3300.12,1
CLM100425,PT11436,Cigna,3300.07,1
CLM100477,PT10976,Medicaid,3298.78,1
CLM100914,PT12263,Cigna,3298.35,1
CLM102571,PT12295,Aetna,3292.1,1
CLM102473,PT10414,Medicare,3290.22,1
CLM102338,PT10073,Medicaid,3289.7,1
CLM101822,PT12562,Medicare,3288.95,1
CLM100787,PT11839,Aetna,3288.45,1
CLM101812,PT12553,Medicaid,3287.42,1
CLM100389,PT12959,"Blue Cross",3283.96,1
CLM102743,PT11289,Medicaid,3280.43,1
CLM102982,PT11751,UnitedHealthcare,3280.22,1
CLM100411,PT10563,UnitedHealthcare,3279.45,1
CLM100683,PT11873,Medicaid,3278.65,1
CLM100441,PT11920,"Blue Cross",3278.06,1
CLM100999,PT10918,Aetna,3277.95,1
CLM101179,PT10402,"Blue Cross",3275.99,1
CLM102696,PT11442,Medicaid,3275.37,1
CLM102633,PT10362,Cigna,3274.93,1
CLM102703,PT11341,Aetna,3274.18,1
CLM102034,PT12139,Aetna,3273.33,1
CLM101789,PT12606,UnitedHealthcare,3269.95,1
CLM102929,PT12167,UnitedHealthcare,3267.06,1
CLM102752,PT10839,Medicare,3266.58,1
CLM101184,PT10274,"Blue Cross",3266.44,1
CLM101272,PT12325,Medicaid,3262.96,1
CLM101545,PT12635,Cigna,3262.21,1
CLM101923,PT11154,"Blue Cross",3259,1
CLM101969,PT12926,Medicare,3255.5,1
CLM101364,PT11832,Aetna,3255.13,1
CLM101851,PT10017,"Blue Cross",3253.62,1
CLM100020,PT10175,Medicare,3251.15,1
CLM101889,PT12123,Medicaid,3249.77,1
CLM102942,PT12641,Cigna,3249.37,1
CLM101190,PT11439,Aetna,3248.47,1
CLM102430,PT10478,Aetna,3245.96,1
CLM101660,PT10647,Cigna,3244.42,1
CLM102870,PT11129,Medicaid,3243.45,1
CLM102935,PT12261,UnitedHealthcare,3242.93,1
CLM102221,PT12541,Medicaid,3242.55,1
CLM101539,PT10928,Medicaid,3242.03,1
CLM101769,PT11729,UnitedHealthcare,3240.07,1
CLM100797,PT11350,Aetna,3239.35,1
CLM100856,PT12676,Aetna,3238.03,1
CLM100366,PT12384,"Blue Cross",3237.43,1
CLM100699,PT10262,Medicare,3237.19,1
CLM102655,PT12571,Aetna,3237.11,1
CLM101888,PT10641,Aetna,3236.35,1
CLM102821,PT11775,Aetna,3235.88,1
CLM102315,PT11671,UnitedHealthcare,3234.92,1
CLM101796,PT10738,Cigna,3234.29,1
CLM102380,PT12763,Medicare,3231.71,1
CLM101485,PT11780,Medicare,3231.29,1
CLM101213,PT10557,Medicare,3230.83,1
CLM102607,PT11597,Cigna,3230.56,1
CLM101218,PT12315,UnitedHealthcare,3229.48,1
CLM102792,PT10134,Medicaid,3225.53,1
CLM100272,PT12599,Medicaid,3225.46,1
CLM101403,PT12683,Medicaid,3224.46,1
CLM101150,PT10920,Cigna,3222.06,1
CLM101250,PT12530,UnitedHealthcare,3221.86,1
CLM102452,PT12612,Medicare,3217.41,1
CLM101958,PT12942,UnitedHealthcare,3217.23,1
CLM100692,PT10054,Cigna,3216.18,1
CLM100672,PT11995,Aetna,3215.53,1
CLM102502,PT10407,Aetna,3214.59,1
CLM101217,PT12192,Cigna,3213.78,1
CLM101861,PT11944,UnitedHealthcare,3213.75,1
CLM101667,PT10314,UnitedHealthcare,3210.97,1
CLM101849,PT11219,"Blue Cross",3210.7,1
CLM102582,PT11794,"Blue Cross",3210.12,1
CLM100687,PT10636,Aetna,3209.87,1
CLM101776,PT12616,Aetna,3206.3,1
CLM100319,PT11545,Cigna,3205.36,1
CLM100525,PT12718,Medicare,3204.12,1
CLM100333,PT10035,Medicaid,3203.74,1
CLM100418,PT11950,Aetna,3203.74,1
CLM100718,PT11976,UnitedHealthcare,3203.5,1
CLM100987,PT10839,Cigna,3202.42,1
CLM100658,PT10638,UnitedHealthcare,3197.24,1
CLM100890,PT11898,"Blue Cross",3196.9,1
CLM100054,PT10302,Medicaid,3195.5,1
CLM101709,PT11521,UnitedHealthcare,3192.5,1
CLM102675,PT11401,"Blue Cross",3190.49,1
CLM102768,PT12649,Aetna,3188.79,1
CLM101593,PT10121,Medicare,3188.49,1
CLM102367,PT10254,Cigna,3188.01,1
CLM100853,PT12641,Aetna,3186.74,1
CLM100867,PT12305,Medicare,3181.06,1
CLM101737,PT11635,UnitedHealthcare,3180.75,1
CLM102756,PT12625,Aetna,3178.67,1
CLM100229,PT12259,Medicare,3177.88,1
CLM100526,PT11252,UnitedHealthcare,3177.42,1
CLM101459,PT10607,UnitedHealthcare,3176.89,1
CLM101848,PT11681,,3176.89,1
CLM100758,PT12237,UnitedHealthcare,3176.53,1
CLM100420,PT10050,Medicaid,3174.89,1
CLM100608,PT12516,Aetna,3174.35,1
CLM102668,PT11609,Cigna,3173.9,1
CLM102098,PT11453,Aetna,3173.13,1
CLM102246,PT12762,Medicare,3171.42,1
CLM101384,PT10055,"Blue Cross",3170.86,1
CLM101051,PT11574,"Blue Cross",3168.27,1
CLM101774,PT10375,"Blue Cross",3167.86,1
CLM102922,PT11659,Medicare,3167.46,1
CLM101077,PT11224,"Blue Cross",3167.15,1
CLM102855,PT12183,Aetna,3166.22,1
CLM102617,PT10713,"Blue Cross",3166.14,1
CLM100978,PT11844,Aetna,3162.95,1
CLM102479,PT11519,UnitedHealthcare,3162.65,1
CLM102043,PT12502,Cigna,3160.54,1
CLM101231,PT12179,"Blue Cross",3160.18,1
CLM101087,PT12575,Aetna,3160,1
CLM101997,PT10493,Aetna,3155.66,2
CLM102606,PT11268,Medicare,3155.4,2
CLM102044,PT11509,Aetna,3151.84,2
CLM101711,PT10167,"Blue Cross",3151.69,2
CLM101658,PT12748,Medicaid,3147.79,2
CLM102597,PT11008,Aetna,3147.17,2
CLM101900,PT10930,Aetna,3146.84,2
CLM100990,PT12182,Aetna,3144.61,2
CLM100649,PT10641,Cigna,3143.64,2
CLM102390,PT10286,Aetna,3143.27,2
CLM100915,PT10170,UnitedHealthcare,3142.65,2
CLM101959,PT11228,Aetna,3142.13,2
CLM100057,PT11256,Medicaid,3138.01,2
CLM101786,PT10802,Aetna,3137.61,2
CLM100967,PT10265,Cigna,3136.92,2
CLM102236,PT11032,UnitedHealthcare,3134.65,2
CLM101547,PT11896,UnitedHealthcare,3134.61,2
CLM101964,PT12833,UnitedHealthcare,3134.28,2
CLM101557,PT12257,"Blue Cross",3134.07,2
CLM101025,PT10531,Cigna,3133.9,2
CLM101047,PT10130,Medicaid,3133.86,2
CLM101770,PT12413,Aetna,3131.28,2
CLM100739,PT12902,Aetna,3130.57,2
CLM101785,PT11925,Aetna,3126.87,2
CLM101928,PT10207,UnitedHealthcare,3124.64,2
CLM101915,PT12748,Cigna,3124.42,2
CLM102000,PT10293,"Blue Cross",3123.53,2
CLM100663,PT10692,"Blue Cross",3120.28,2
CLM101946,PT10742,UnitedHealthcare,3119.82,2
CLM102415,PT12421,Cigna,3116.77,2
CLM102167,PT12061,"Blue Cross",3116.52,2
CLM100148,PT11383,Medicare,3116.23,2
CLM101541,PT10555,"Blue Cross",3115.41,2
CLM102767,PT12649,UnitedHealthcare,3114.95,2
CLM100228,PT10654,Aetna,3114.75,2
CLM101042,PT12752,"Blue Cross",3114.55,2
CLM100746,PT11878,"Blue Cross",3113.01,2
CLM100458,PT12891,Medicare,3111.97,2
CLM100847,PT11386,Medicaid,3111.88,2
CLM101388,PT10268,UnitedHealthcare,3108.99,2
CLM102194,PT11167,UnitedHealthcare,3108.65,2
CLM101564,PT11428,UnitedHealthcare,3108.25,2
CLM102682,PT10506,Medicaid,3106.89,2
CLM101137,PT11670,Aetna,3106.4,2
CLM101753,PT11940,Medicare,3105.73,2
CLM101460,PT11662,Medicare,3105.05,2
CLM100446,PT12064,Cigna,3098.78,2
CLM101353,PT11402,UnitedHealthcare,3097.62,2
CLM102658,PT12916,Aetna,3097.34,2
CLM100447,PT12873,Medicaid,3091.82,2
CLM102736,PT11199,"Blue Cross",3090.2,2
CLM101104,PT11894,UnitedHealthcare,3088.7,2
CLM101698,PT11088,Cigna,3088.46,2
CLM101590,PT10374,"Blue Cross",3086.88,2
CLM100903,PT12537,Medicaid,3086.58,2
CLM101262,PT10917,Cigna,3086.56,2
CLM102177,PT12381,,3085.91,2
CLM102631,PT12936,Medicare,3085.81,2
CLM101804,PT12661,"Blue Cross",3085.6,2
CLM100767,PT12404,Cigna,3085.37,2
CLM100636,PT11985,Medicare,3084.08,2
CLM100984,PT12224,Aetna,3083.66,2
CLM101943,PT11901,Medicaid,3081.89,2
CLM102791,PT12841,UnitedHealthcare,3081.36,2
CLM102406,PT10354,Aetna,3080.94,2
CLM100451,PT11824,"Blue Cross",3080.89,2
CLM101635,PT10576,Medicaid,3080.29,2
CLM102243,PT12641,Aetna,3080.03,2
CLM101158,PT10256,Cigna,3079.87,2
CLM102753,PT10175,UnitedHealthcare,3072.66,2
CLM100800,PT12910,Medicare,3071.96,2
CLM101921,PT12407,Medicaid,3070.56,2
CLM102250,PT11749,Aetna,3069.66,2
CLM102744,PT10542,UnitedHealthcare,3067.08,2
CLM100090,PT11029,Cigna,3063.54,2
CLM102506,PT10927,"Blue Cross",3062.85,2
CLM102522,PT12846,Cigna,3062.34,2
CLM100203,PT12556,Aetna,3061.4,2
CLM102788,PT10033,Cigna,3060.98,2
CLM100064,PT12607,UnitedHealthcare,3060.11,2
CLM100144,PT12918,Cigna,3059.44,2
CLM100032,PT12022,Cigna,3058.47,2
CLM102626,PT10585,Cigna,3055.11,2
CLM102637,PT10689,Medicaid,3055,2
CLM100889,PT12527,UnitedHealthcare,3052.06,2
CLM100904,PT10919,Cigna,3049.17,2
CLM102143,PT10847,Medicaid,3048.46,2
CLM102015,PT12874,Medicaid,3048.27,2
CLM101178,PT12311,Aetna,3047.15,2
CLM101022,PT12749,Aetna,3046.03,2
CLM102037,PT12185,"Blue Cross",3045.78,2
CLM101060,PT11373,UnitedHealthcare,3042.69,2
CLM101823,PT12433,Aetna,3042.05,2
CLM102683,PT12928,Cigna,3040.7,2
CLM102437,PT10380,Cigna,3038.87,2
CLM101407,PT11418,"Blue Cross",3037.85,2
CLM102433,PT10116,UnitedHealthcare,3037.67,2
CLM101033,PT11205,"Blue Cross",3032.74,2
CLM101031,PT11934,"Blue Cross",3032.46,2
CLM100476,PT10065,UnitedHealthcare,3030.7,2
CLM102986,PT12320,Cigna,3030.69,2
CLM102163,PT11284,Medicaid,3030.67,2
CLM102799,PT11268,UnitedHealthcare,3029.52,2
CLM101903,PT10382,Medicaid,3028.9,2
CLM102160,PT10160,UnitedHealthcare,3028.23,2
CLM101439,PT12510,Cigna,3027.86,2
CLM101479,PT12475,Aetna,3027.82,2
CLM100475,PT11342,Aetna,3027.33,2
CLM102671,PT10415,Medicare,3023.21,2
CLM100732,PT10938,UnitedHealthcare,3021.01,2
CLM100276,PT12391,Cigna,3019.46,2
CLM101339,PT12952,Aetna,3019.37,2
CLM100743,PT12793,UnitedHealthcare,3018.74,2
CLM100279,PT10991,Medicaid,3017.78,2
CLM101826,PT10437,Medicaid,3017.31,2
CLM101476,PT11972,Aetna,3017.13,2
CLM100048,PT10517,Medicare,3016.46,2
CLM102861,PT10638,UnitedHealthcare,3015.8,2
CLM100598,PT11610,UnitedHealthcare,3014.33,2
CLM100376,PT11217,Cigna,3012.57,2
CLM101082,PT11127,Medicaid,3012.45,2
CLM101076,PT10776,Medicaid,3012.41,2
CLM102271,PT10209,"Blue Cross",3012.29,2
CLM100470,PT12473,Cigna,3008.62,2
CLM101320,PT10989,UnitedHealthcare,3007.21,2
CLM100491,PT11211,Cigna,3006.2,2
CLM101453,PT11171,"Blue Cross",3005.57,2
CLM101382,PT12255,Medicare,3004.97,2
CLM102144,PT11147,Medicare,3004.29,2
CLM102984,PT12689,Medicaid,3001.27,2
CLM102461,PT10057,"Blue Cross",3000.68,2
CLM102819,PT12338,UnitedHealthcare,3000.25,2
CLM100001,PT12815,UnitedHealthcare,3000.21,2
CLM102099,PT12480,Medicaid,2997.19,2
CLM100239,PT11530,"Blue Cross",2995.65,2
CLM100478,PT11811,Aetna,2994.18,2
CLM101441,PT12420,Cigna,2993.32,2
CLM101284,PT10733,Cigna,2992.84,2
CLM101156,PT12635,Cigna,2992.39,2
CLM102971,PT12226,"Blue Cross",2991.96,2
CLM102968,PT12494,Cigna,2990.85,2
CLM101639,PT11159,Medicaid,2989.84,2
CLM100969,PT12411,"Blue Cross",2989.16,2
CLM100181,PT12219,"Blue Cross",2985.34,2
CLM102400,PT11561,UnitedHealthcare,2985.14,2
CLM101970,PT10990,Medicare,2977.89,2
CLM100844,PT11686,Medicare,2976.4,2
CLM101457,PT10513,Cigna,2976.23,2
CLM101655,PT10244,Medicaid,2975.23,2
CLM101422,PT12098,"Blue Cross",2974.74,2
CLM100680,PT10251,Cigna,2974.34,2
CLM100344,PT10119,"Blue Cross",2972.71,2
CLM102889,PT11742,Medicaid,2971.96,2
CLM101367,PT12210,Cigna,2970.49,2
CLM102907,PT10964,Cigna,2969.42,2
CLM102260,PT10907,"Blue Cross",2968.82,2
CLM102718,PT10522,Cigna,2968.74,2
CLM102013,PT12961,Medicaid,2968.01,2
CLM100180,PT11562,UnitedHealthcare,2967.78,2
CLM101404,PT12466,Medicaid,2967.5,2
CLM101555,PT12054,Medicaid,2966.89,2
CLM101586,PT10675,Cigna,2964.56,2
CLM102516,PT12618,Medicare,2961.58,2
CLM102121,PT10186,"Blue Cross",2961.24,2
CLM101864,PT11997,Aetna,2960.21,2
CLM101143,PT12115,"Blue Cross",2959.43,2
CLM100356,PT10186,Medicare,2958.43,2
CLM101481,PT11338,Medicare,2958.13,2
CLM101899,PT12149,"Blue Cross",2957.67,2
CLM101947,PT12536,Aetna,2957.28,2
CLM101681,PT11982,"Blue Cross",2957.2,2
CLM100313,PT12235,Medicare,2956.15,2
CLM102310,PT12187,Cigna,2954.69,2
CLM100012,PT12546,Medicaid,2953.54,2
CLM102014,PT11512,Medicare,2952.63,2
CLM101259,PT10852,UnitedHealthcare,2951.05,2
CLM102326,PT12969,Aetna,2950.84,2
CLM100179,PT11674,Aetna,2949.88,2
CLM102205,PT12880,Cigna,2949.86,2
CLM101277,PT10637,Aetna,2949.84,2
CLM102940,PT11280,Medicare,2949.24,2
CLM100321,PT10002,"Blue Cross",2948.33,2
CLM101499,PT12799,"Blue Cross",2944.78,2
CLM100471,PT11808,UnitedHealthcare,2944.14,2
CLM100173,PT10535,Cigna,2941.96,2
CLM100816,PT12534,Cigna,2937.66,2
CLM101871,PT12178,Cigna,2933.73,2
CLM101148,PT10128,Medicare,2933.68,2
CLM101518,PT11949,Cigna,2930.41,2
CLM101161,PT11052,Aetna,2929.66,2
CLM100436,PT12677,Medicaid,2927.69,2
CLM101869,PT11822,Medicare,2927.19,2
CLM101501,PT11931,Medicaid,2926.73,2
CLM100010,PT11561,"Blue Cross",2926.33,2
CLM102110,PT10180,UnitedHealthcare,2925.53,2
CLM100170,PT11632,Medicaid,2925.29,2
CLM100804,PT10586,UnitedHealthcare,2921.75,2
CLM101168,PT11684,"Blue Cross",2919.65,2
CLM101718,PT11577,UnitedHealthcare,2919.04,2
CLM102237,PT12388,UnitedHealthcare,2918.63,2
CLM101394,PT12506,Cigna,2917.77,2
CLM101914,PT12586,Medicaid,2916.68,2
CLM100949,PT11543,UnitedHealthcare,2916.32,2
CLM100015,PT12424,Medicare,2913.24,2
CLM101378,PT11824,UnitedHealthcare,2911.72,2
CLM101765,PT12457,Cigna,2911.33,2
CLM100485,PT11365,UnitedHealthcare,2910.73,2
CLM101797,PT11102,Medicaid,2910.12,2
CLM100296,PT12554,Aetna,2903.58,2
CLM102674,PT10842,Cigna,2903.51,2
CLM100600,PT12840,Cigna,2902.24,2
CLM102701,PT10174,Medicaid,2900.38,2
CLM101028,PT11461,Cigna,2898.99,2
CLM100958,PT10870,Aetna,2895.94,2
CLM101309,PT11877,UnitedHealthcare,2895.77,2
CLM100243,PT11191,UnitedHealthcare,2893.95,2
CLM101824,PT10800,Medicaid,2890.26,2
CLM100860,PT11770,Medicaid,2889.82,2
CLM100158,PT11283,Aetna,2883.01,2
CLM101503,PT10063,Cigna,2881.15,2
CLM102078,PT12805,UnitedHealthcare,2880.84,2
CLM102899,PT12926,UnitedHealthcare,2879.51,2
CLM100323,PT11267,Aetna,2878.94,2
CLM100519,PT12884,Aetna,2878.23,2
CLM101167,PT12450,"Blue Cross",2876.25,2
CLM101710,PT11430,Aetna,2876.12,2
CLM102212,PT11146,"Blue Cross",2875.78,2
CLM101466,PT11447,Medicare,2869.8,2
CLM101071,PT12302,Aetna,2866.39,2
CLM101122,PT10410,Aetna,2864.59,2
CLM101513,PT10501,UnitedHealthcare,2863.74,2
CLM102708,PT10487,Cigna,2863.62,2
CLM101007,PT10106,Cigna,2863.58,2
CLM101482,PT12075,Cigna,2863.43,2
CLM100409,PT10130,Aetna,2861.43,2
CLM101201,PT12018,Medicare,2858.68,2
CLM102428,PT10341,"Blue Cross",2857.77,2
CLM100845,PT12380,"Blue Cross",2854.45,2
CLM100717,PT10055,Medicare,2854.34,2
CLM102656,PT12187,Medicare,2853.5,2
CLM100641,PT10366,Medicare,2852.01,2
CLM102357,PT11410,Medicare,2851,2
CLM102408,PT12201,Medicaid,2849.79,2
CLM101514,PT10484,Aetna,2849.68,2
CLM102711,PT11114,Aetna,2849.06,2
CLM100905,PT10543,Medicare,2848.77,2
CLM102402,PT10066,Cigna,2848.61,2
CLM101781,PT10044,Aetna,2848,2
CLM102874,PT12050,Medicare,2846.56,2
CLM102546,PT10546,"Blue Cross",2845.42,2
CLM101398,PT11256,"Blue Cross",2844.43,2
CLM101282,PT10950,Aetna,2842.86,2
CLM100270,PT12711,Medicare,2841.74,2
CLM100824,PT11290,"Blue Cross",2839.88,2
CLM100572,PT10776,Aetna,2839.34,2
CLM101345,PT12073,Aetna,2836.03,2
CLM102782,PT12030,UnitedHealthcare,2834.99,2
CLM102226,PT10697,Medicaid,2834.72,2
CLM101741,PT12600,Aetna,2832.89,2
CLM100873,PT10276,Cigna,2830.49,2
CLM102180,PT10342,Cigna,2827.35,2
CLM101965,PT11540,,2826.08,2
CLM101875,PT12834,Medicaid,2822.59,2
CLM101860,PT10677,Medicaid,2821.25,2
CLM101014,PT11153,,2821.09,2
CLM101034,PT11247,UnitedHealthcare,2818.78,2
CLM102238,PT10327,Aetna,2817.81,2
CLM102129,PT12820,"Blue Cross",2817.76,2
CLM100050,PT12603,"Blue Cross",2816.22,2
CLM102108,PT12089,Medicare,2814.01,2
CLM101693,PT12159,Medicaid,2812.6,2
CLM102027,PT10860,"Blue Cross",2811.32,2
CLM102725,PT10555,Cigna,2811.06,2
CLM102913,PT12976,Medicaid,2810.69,2
CLM102101,PT10615,,2810.49,2
CLM102544,PT11807,"Blue Cross",2810.22,2
CLM101725,PT10326,"Blue Cross",2805.58,2
CLM102305,PT12241,Medicare,2804.86,2
CLM101129,PT12540,"Blue Cross",2804.37,2
CLM100631,PT11820,UnitedHealthcare,2803.11,2
CLM102354,PT12345,Cigna,2802.8,2
CLM102642,PT10951,Aetna,2802.63,2
CLM102052,PT10864,Medicare,2801.87,2
CLM102840,PT12086,"Blue Cross",2800.35,2
CLM100807,PT11445,Aetna,2799.67,2
CLM102045,PT10923,"Blue Cross",2799.56,2
CLM101461,PT10820,"Blue Cross",2798.69,2
CLM102992,PT12006,Cigna,2789.41,2
CLM101002,PT12666,Aetna,2788.61,2
CLM100733,PT10015,Cigna,2787.95,2
CLM100587,PT11123,UnitedHealthcare,2787.4,2
CLM101100,PT10781,Aetna,2786.44,2
CLM100375,PT10170,Aetna,2785.42,2
CLM100970,PT12122,Medicaid,2783.9,2
CLM100104,PT12903,"Blue Cross",2782.14,2
CLM102133,PT10230,Medicaid,2781.12,2
CLM101677,PT12373,Medicaid,2781.09,2
CLM100013,PT10600,Medicare,2779.42,2
CLM102881,PT12247,UnitedHealthcare,2779.33,2
CLM101183,PT10138,Aetna,2778.28,2
CLM100011,PT10077,Aetna,2778.2,2
CLM100932,PT11758,"Blue Cross",2777.82,2
CLM101954,PT11564,Cigna,2777.29,2
CLM100165,PT12977,Cigna,2776.85,2
CLM102451,PT10174,"Blue Cross",2774.26,2
CLM101286,PT12388,Cigna,2773.12,2
CLM100299,PT12655,Medicaid,2771.99,2
CLM101644,PT12403,Medicaid,2769.63,2
CLM102100,PT12840,Aetna,2769.08,2
CLM100343,PT10511,Cigna,2766.54,2
CLM102123,PT10960,Cigna,2764.46,2
CLM101591,PT10127,Cigna,2757.91,2
CLM101720,PT11024,Cigna,2756.87,2
CLM100121,PT12107,"Blue Cross",2755.51,2
CLM101758,PT10689,Aetna,2753.57,2
CLM100349,PT10626,UnitedHealthcare,2753.33,2
CLM101893,PT12156,Medicare,2752.19,2
CLM102550,PT11047,Medicaid,2752.16,2
CLM101743,PT10525,Medicare,2750.77,2
CLM102497,PT11674,Medicare,2749.85,2
CLM100367,PT10805,Medicare,2749.64,2
CLM100668,PT11034,Aetna,2748.54,2
CLM100397,PT12402,"Blue Cross",2745.78,2
CLM102677,PT11713,Medicaid,2744.44,2
CLM101873,PT11287,Medicare,2744.13,2
CLM100140,PT12487,"Blue Cross",2743.3,2
CLM102323,PT10328,UnitedHealthcare,2741.57,2
CLM100646,PT12360,Medicaid,2741.54,2
CLM100960,PT10689,Aetna,2741.39,2
CLM100081,PT10922,UnitedHealthcare,2737.27,2
CLM102119,PT10932,Medicare,2734.86,2
CLM100806,PT12188,Aetna,2734.02,2
CLM100594,PT12241,"Blue Cross",2733.81,2
CLM100362,PT11611,Medicare,2727.76,2
CLM102204,PT11408,Medicare,2727.31,2
CLM102164,PT12859,Medicare,2727.3,2
CLM102220,PT12548,Medicaid,2726.42,2
CLM102620,PT11029,UnitedHealthcare,2724.87,2
CLM100049,PT10044,UnitedHealthcare,2724.29,2
CLM102746,PT12281,Medicaid,2724.22,2
CLM102845,PT12262,"Blue Cross",2721.32,2
CLM100426,PT12049,Cigna,2720.02,2
CLM100468,PT11901,Medicare,2718.99,2
CLM100994,PT11961,"Blue Cross",2718.82,2
CLM100639,PT11926,Medicare,2718.53,2
CLM102083,PT10722,Cigna,2717.96,2
CLM102853,PT12638,Cigna,2717.7,2
CLM102688,PT12083,UnitedHealthcare,2714.8,2
CLM102896,PT11393,"Blue Cross",2714.73,2
CLM100189,PT12601,"Blue Cross",2711.04,2
CLM102439,PT11728,Cigna,2708.57,2
CLM102619,PT12804,"Blue Cross",2705.35,2
CLM100820,PT11193,"Blue Cross",2704.87,2
CLM101159,PT12335,Medicare,2703.19,2
CLM101808,PT10857,"Blue Cross",2702.98,2
CLM101834,PT12582,Aetna,2702.37,2
CLM100052,PT11126,Medicaid,2700.6,2
CLM102381,PT12912,Aetna,2700.18,2
CLM100518,PT10090,Medicare,2700.02,2
CLM102560,PT10860,Aetna,2699.9,2
CLM100467,PT10438,"Blue Cross",2697.37,2
CLM100406,PT12780,"Blue Cross",2697.35,2
CLM101015,PT11777,"Blue Cross",2696.86,2
CLM100919,PT11355,Medicare,2696.13,2
CLM100498,PT10752,UnitedHealthcare,2695.17,2
CLM101719,PT12758,Medicare,2694.92,2
CLM100980,PT11335,Aetna,2694.65,2
CLM101762,PT12127,Aetna,2693.73,2
CLM100302,PT10693,Aetna,2691.57,2
CLM101685,PT11865,Cigna,2690.64,2
CLM100096,PT12996,UnitedHealthcare,2690.49,2
CLM101820,PT12674,UnitedHealthcare,2688.8,2
CLM101474,PT10998,Medicaid,2686.58,2
CLM102107,PT12710,UnitedHealthcare,2686.34,2
CLM102228,PT10971,"Blue Cross",2686.17,2
CLM102638,PT12532,UnitedHealthcare,2681.96,2
CLM100694,PT10527,"Blue Cross",2679.7,2
CLM102360,PT10171,Medicaid,2678.72,2
CLM102960,PT11909,"Blue Cross",2676.97,2
CLM100907,PT10232,UnitedHealthcare,2674.35,2
CLM100454,PT10320,Cigna,2673.85,2
CLM100576,PT11423,Medicaid,2673.09,2
CLM102957,PT12439,Medicare,2672.36,2
CLM102316,PT11160,Medicaid,2671.83,2
CLM101426,PT12285,"Blue Cross",2671.33,2
CLM100661,PT12624,Medicaid,2671.05,2
CLM102728,PT11002,UnitedHealthcare,2670.91,2
CLM101687,PT12749,Aetna,2669.12,2
CLM100829,PT12387,Medicare,2667.74,2
CLM100821,PT12017,Medicaid,2664.41,2
CLM102393,PT10972,"Blue Cross",2662.44,2
CLM100630,PT10910,Medicare,2662.29,2
CLM100399,PT12986,Aetna,2657.2,2
CLM101744,PT10800,"Blue Cross",2655.31,2
CLM102967,PT12498,UnitedHealthcare,2654.43,2
CLM101214,PT12823,Aetna,2652.83,2
CLM102978,PT11163,Aetna,2651.94,2
CLM100310,PT11451,Medicare,2651.43,2
CLM100093,PT12492,Aetna,2649.82,2
CLM102395,PT10184,Cigna,2644.66,2
CLM100295,PT12293,Medicaid,2643.08,2
CLM100209,PT12202,Medicaid,2640.62,2
CLM101379,PT12864,Medicare,2639.77,2
CLM102773,PT12453,UnitedHealthcare,2638.71,2
CLM101901,PT10044,Cigna,2638.23,2
CLM102252,PT11048,Medicaid,2633.72,2
CLM102319,PT12487,Medicaid,2632.62,2
CLM101654,PT11487,"Blue Cross",2629.66,2
CLM102329,PT11627,Cigna,2629.56,2
CLM102797,PT12133,Medicaid,2628.23,2
CLM100210,PT11246,Cigna,2627.59,2
CLM101537,PT11141,Medicaid,2626.57,2
CLM101934,PT11596,Medicare,2626.21,2
CLM102627,PT12859,Medicare,2625.85,2
CLM101059,PT10961,Medicare,2625.35,2
CLM102669,PT11943,UnitedHealthcare,2619.49,2
CLM101463,PT10091,Medicare,2617.4,2
CLM101420,PT12090,Cigna,2616.46,2
CLM100163,PT12369,Aetna,2616.11,2
CLM101695,PT10611,Aetna,2616.1,2
CLM102211,PT12352,Cigna,2614.37,2
CLM102383,PT12756,Cigna,2607.85,2
CLM102623,PT10965,Medicare,2606.41,2
CLM100076,PT11035,Cigna,2604.32,2
CLM100089,PT12950,Medicare,2604.1,2
CLM102956,PT11051,"Blue Cross",2604.09,2
CLM100273,PT10440,Aetna,2601.01,2
CLM100324,PT11021,Cigna,2597.39,2
CLM101449,PT12487,Cigna,2595.85,2
CLM101775,PT12758,Medicaid,2593.02,2
CLM100256,PT10846,Medicaid,2590.12,2
CLM100833,PT10366,Medicaid,2588.05,2
CLM100913,PT11218,Cigna,2587.47,2
CLM101374,PT11898,UnitedHealthcare,2586.07,2
CLM100993,PT10625,Cigna,2583.75,2
CLM102114,PT10825,Aetna,2583.2,2
CLM101194,PT11435,"Blue Cross",2581.98,2
CLM100183,PT10884,UnitedHealthcare,2579.02,2
CLM101585,PT11005,Medicaid,2578.72,2
CLM101656,PT11469,Medicaid,2577.03,2
CLM102465,PT10767,Aetna,2576.69,2
CLM101433,PT10081,UnitedHealthcare,2574.17,2
CLM101942,PT10471,Cigna,2572.49,2
CLM100760,PT11924,Cigna,2571.94,2
CLM101182,PT11589,Aetna,2571.45,2
CLM101176,PT12859,"Blue Cross",2571.05,2
CLM101003,PT11334,Cigna,2570.54,2
CLM100562,PT12580,UnitedHealthcare,2570.34,2
CLM101484,PT11021,Medicare,2569.89,2
CLM100943,PT12019,"Blue Cross",2569.71,2
CLM100255,PT11324,Aetna,2569.59,2
CLM100042,PT11126,Aetna,2569.28,2
CLM101075,PT12989,UnitedHealthcare,2568.63,2
CLM100346,PT12053,UnitedHealthcare,2565.28,2
CLM101293,PT10933,Cigna,2564.23,2
CLM100716,PT11340,UnitedHealthcare,2563.74,2
CLM101885,PT11791,Aetna,2563.2,2
CLM101952,PT12305,"Blue Cross",2562.95,2
CLM102254,PT11479,Aetna,2561.7,2
CLM102307,PT12280,UnitedHealthcare,2555.93,2
CLM100931,PT11164,Aetna,2553.07,2
CLM100942,PT12114,UnitedHealthcare,2552.05,2
CLM101091,PT10420,Medicare,2550.56,2
CLM101659,PT10595,Medicaid,2550.31,2
CLM102225,PT10218,Medicare,2550.01,2
CLM100784,PT11954,UnitedHealthcare,2546.74,2
CLM101657,PT12323,Medicare,2544.7,2
CLM100063,PT10423,Medicaid,2541.87,2
CLM100232,PT10637,"Blue Cross",2541.54,2
CLM102820,PT11392,UnitedHealthcare,2539.5,2
CLM100034,PT10580,Medicare,2537.56,2
CLM102830,PT12900,Medicare,2536.97,2
CLM102690,PT10462,Cigna,2535.75,2
CLM100511,PT11144,Medicare,2535.74,2
CLM102808,PT11798,Aetna,2534.27,2
CLM101691,PT12473,UnitedHealthcare,2531.44,2
CLM100045,PT11219,UnitedHealthcare,2530.27,2
CLM100293,PT12396,"Blue Cross",2529.92,2
CLM100527,PT10489,"Blue Cross",2527.74,2
CLM101423,PT11964,Cigna,2527.69,2
CLM101197,PT12848,Medicaid,2525.36,2
CLM102865,PT12339,Medicare,2525.36,2
CLM102419,PT12331,"Blue Cross",2524.16,2
CLM102573,PT10758,Cigna,2522.85,2
CLM102748,PT10647,UnitedHealthcare,2521.74,2
CLM101982,PT11787,"Blue Cross",2520.16,2
CLM101344,PT11891,UnitedHealthcare,2520.07,2
CLM100573,PT11757,Medicaid,2519.01,2
CLM102520,PT12829,Medicaid,2518.94,2
CLM102348,PT11693,Aetna,2518.82,2
CLM100496,PT10346,"Blue Cross",2518.27,2
CLM101528,PT10594,Cigna,2518.23,2
CLM102135,PT12707,Medicare,2517.69,2
CLM102587,PT12681,"Blue Cross",2516.83,2
CLM102908,PT12684,Aetna,2516.24,2
CLM102584,PT10076,Cigna,2514.31,2
CLM101010,PT11933,Aetna,2510.06,2
CLM100479,PT12708,Cigna,2508.73,2
CLM100268,PT11627,Medicaid,2508.49,2
CLM100254,PT12744,UnitedHealthcare,2508.35,2
CLM100607,PT12261,"Blue Cross",2507.69,2
CLM101546,PT11524,Aetna,2507.44,2
CLM102803,PT11332,Cigna,2507.44,2
CLM100891,PT11624,"Blue Cross",2507.01,2
CLM100444,PT10320,UnitedHealthcare,2504.04,2
CLM100753,PT10724,Medicaid,2503.87,2
CLM102371,PT10752,Cigna,2503.63,2
CLM100480,PT12351,Aetna,2503.42,2
CLM102273,PT11700,Medicare,2502.21,2
CLM101800,PT12415,Medicaid,2499.62,2
CLM102624,PT12736,"Blue Cross",2499.47,2
CLM100097,PT12941,Medicare,2499.39,2
CLM101454,PT12294,UnitedHealthcare,2498.13,2
CLM102818,PT11557,"Blue Cross",2497.26,2
CLM102954,PT12048,Medicaid,2496.64,2
CLM101013,PT10658,UnitedHealthcare,2495.9,2
CLM102140,PT12698,Aetna,2495.03,2
CLM102801,PT11035,Cigna,2493.91,2
CLM100662,PT12577,"Blue Cross",2493.79,2
CLM101419,PT10230,Medicaid,2493.54,2
CLM100172,PT12917,UnitedHealthcare,2492.51,2
CLM101830,PT11352,Aetna,2490.99,2
CLM102450,PT12735,Medicare,2487.93,2
CLM100874,PT11830,"Blue Cross",2487.07,2
CLM101186,PT10880,"Blue Cross",2483.09,2
CLM101809,PT11470,Medicare,2479.7,2
CLM100259,PT11229,Aetna,2477.2,2
CLM100430,PT12664,UnitedHealthcare,2475.52,2
CLM101472,PT10130,Cigna,2475.26,2
CLM101846,PT10437,UnitedHealthcare,2473.75,2
CLM102657,PT11326,Medicare,2471.59,2
CLM102974,PT11505,Cigna,2469.11,2
CLM101566,PT10559,Medicaid,2468.02,2
CLM100794,PT10659,Medicaid,2464.9,2
CLM102695,PT11166,Medicaid,2464.44,2
CLM100119,PT11311,Medicaid,2461.15,2
CLM102547,PT11698,Aetna,2461.11,2
CLM102941,PT12469,Medicare,2460.63,2
CLM101505,PT11335,UnitedHealthcare,2460.11,2
CLM101144,PT10913,Cigna,2459.05,2
CLM100638,PT10330,"Blue Cross",2458.19,2
CLM100285,PT11584,Cigna,2452.24,2
CLM101747,PT12788,"Blue Cross",2450.37,2
CLM101676,PT11038,Aetna,2449.75,2
CLM101780,PT12159,Medicaid,2448.84,2
CLM100117,PT12597,Medicaid,2447.47,2
CLM101095,PT10389,"Blue Cross",2447.23,2
CLM101531,PT11218,Medicaid,2446.96,2
CLM102458,PT12262,UnitedHealthcare,2446.48,2
CLM101300,PT11582,UnitedHealthcare,2445.64,2
CLM100556,PT11732,UnitedHealthcare,2441.75,2
CLM101666,PT11159,Aetna,2441.42,2
CLM101295,PT10310,Aetna,2439.48,2
CLM100398,PT12865,Aetna,2435.73,2
CLM101208,PT11205,Aetna,2435.71,2
CLM100473,PT12458,Medicare,2434.98,2
CLM102798,PT10490,Aetna,2434.7,2
CLM102454,PT11786,"Blue Cross",2434.36,2
CLM100169,PT12197,Medicare,2433.17,2
CLM102873,PT10980,UnitedHealthcare,2432.7,2
CLM102605,PT11389,Medicare,2428.76,2
CLM100687,PT12588,"Blue Cross",2422.86,2
CLM100695,PT10684,UnitedHealthcare,2422.34,2
CLM100415,PT11168,Cigna,2421.83,2
CLM100445,PT10817,"Blue Cross",2415.75,2
CLM102953,PT12266,,2413.32,2
CLM102884,PT10571,Cigna,2411.94,2
CLM101229,PT10082,,2411.23,2
CLM101706,PT12473,Cigna,2408.98,2
CLM100066,PT12260,Aetna,2408.09,2
CLM100954,PT11940,Medicare,2406.05,2
CLM102267,PT10518,"Blue Cross",2402.3,2
CLM100747,PT11152,Medicare,2402.15,2
CLM101235,PT10820,Aetna,2401.54,2
CLM100217,PT11320,Medicare,2401.14,2
CLM101517,PT10797,Cigna,2399.88,2
CLM102378,PT10921,Aetna,2399.34,2
CLM100131,PT11103,"Blue Cross",2398.16,2
CLM102646,PT10922,Medicare,2393.07,2
CLM102192,PT11130,Aetna,2391.48,2
CLM100132,PT11281,Medicare,2387.4,2
CLM102747,PT11389,Medicaid,2386.15,2
CLM102604,PT12211,Medicaid,2385.9,2
CLM102529,PT12918,Aetna,2384.6,2
CLM102127,PT10429,Medicaid,2381.82,2
CLM102691,PT12466,Aetna,2380.71,2
CLM101119,PT12899,Medicare,2379.64,2
CLM101160,PT11169,Cigna,2375.63,2
CLM102805,PT11959,Medicare,2373.48,2
CLM100358,PT10063,Medicare,2373.36,2
CLM101645,PT10151,Medicaid,2372.74,2
CLM100164,PT10517,Cigna,2371.6,2
CLM101562,PT11274,Medicare,2369.66,2
CLM101130,PT11493,"Blue Cross",2368.75,2
CLM102700,PT12543,Aetna,2366.39,2
CLM100022,PT10997,Cigna,2366.08,2
CLM103000,PT10249,UnitedHealthcare,2365.57,2
CLM100219,PT10569,"Blue Cross",2364.86,2
CLM101256,PT12935,Cigna,2364.81,2
CLM100002,PT11647,Medicare,2363.7,2
CLM101821,PT11543,Aetna,2361.3,2
CLM100281,PT12083,Aetna,2360.2,2
CLM100059,PT12077,Cigna,2358.64,2
CLM101224,PT10651,UnitedHealthcare,2358.38,2
CLM100095,PT10359,Medicaid,2358.36,2
CLM101832,PT10090,Aetna,2356.7,2
CLM102282,PT11244,Medicare,2356.24,2
CLM101721,PT12322,"Blue Cross",2356.22,2
CLM102325,PT12312,Medicaid,2355.22,2
CLM100287,PT10065,"Blue Cross",2354.11,2
CLM100588,PT10187,Medicaid,2353.28,2
CLM102653,PT11216,Medicare,2352.03,2
CLM102090,PT10194,Medicare,2351.56,2
CLM100380,PT10611,Aetna,2350.42,2
CLM100900,PT12008,Medicaid,2349.63,2
CLM102966,PT12639,Cigna,2348.53,2
CLM102028,PT10738,"Blue Cross",2347.82,2
CLM102359,PT12738,Cigna,2346.32,2
CLM100570,PT10224,UnitedHealthcare,2344.19,2
CLM101668,PT11566,UnitedHealthcare,2343.66,2
CLM102777,PT11885,Cigna,2339.44,2
CLM102844,PT10534,Aetna,2338.97,2
CLM102936,PT12112,Medicaid,2338.88,2
CLM100846,PT12058,Medicare,2338.31,2
CLM100795,PT12018,Medicare,2337.25,2
CLM102262,PT12054,Medicare,2337.18,2
CLM100953,PT11168,UnitedHealthcare,2334.7,2
CLM100098,PT10719,Cigna,2334.07,2
CLM100215,PT10542,Cigna,2331.91,2
CLM102102,PT11785,Medicare,2331.87,2
CLM102478,PT11788,Cigna,2331.49,2
CLM100123,PT12422,Medicare,2327.56,2
CLM102598,PT12755,Medicaid,2327.45,2
CLM102910,PT10655,Cigna,2327.39,2
CLM100828,PT11146,Medicare,2327.34,2
CLM101199,PT11604,UnitedHealthcare,2324.09,2
CLM100623,PT10517,Medicare,2323,2
CLM102616,PT12375,Cigna,2322.06,2
CLM100786,PT12781,"Blue Cross",2321.91,2
CLM101627,PT11023,Medicaid,2317.37,2
CLM100728,PT12592,"Blue Cross",2316.85,2
CLM101331,PT12610,Medicare,2316.27,2
CLM100514,PT10650,Medicaid,2314.81,2
CLM100700,PT11438,"Blue Cross",2310.76,2
CLM102157,PT12233,"Blue Cross",2306.32,2
CLM102536,PT12106,Cigna,2306.27,2
CLM101093,PT11922,Aetna,2299.74,2
CLM100897,PT10577,Aetna,2298.82,2
CLM102188,PT10461,Aetna,2296.43,2
CLM101192,PT10730,UnitedHealthcare,2294.61,2
CLM101050,PT12142,Medicare,2294.32,2
CLM101135,PT12359,Medicaid,2293.46,2
CLM100951,PT12774,Medicaid,2290.93,2
CLM102775,PT10698,Medicaid,2290.43,2
CLM101814,PT10190,Medicaid,2289.14,2
CLM100185,PT12401,Medicare,2287.71,2
CLM101079,PT11629,Medicare,2281.08,2
CLM101355,PT11155,Cigna,2280.17,2
CLM100129,PT12889,UnitedHealthcare,2278.5,2
CLM100933,PT11275,"Blue Cross",2278.42,2
CLM100067,PT11896,Aetna,2276.92,2
CLM102672,PT10781,"Blue Cross",2274.49,2
CLM101315,PT11683,Aetna,2273.44,2
CLM102283,PT10519,Medicare,2273.33,2
CLM100837,PT10422,UnitedHealthcare,2273.19,2
CLM100561,PT12679,"Blue Cross",2272.9,2
CLM101916,PT12975,Cigna,2272.57,2
CLM100214,PT10953,Aetna,2269.29,2
CLM101349,PT12539,Cigna,2267.69,2
CLM101756,PT10868,"Blue Cross",2267.07,2
CLM101843,PT10912,"Blue Cross",2264.81,2
CLM102676,PT11473,Cigna,2263.28,2
CLM102095,PT11603,Aetna,2262.83,2
CLM101615,PT12759,Medicaid,2262.66,2
CLM100545,PT11737,Medicaid,2259.38,2
CLM101337,PT10928,Aetna,2259.34,2
CLM101806,PT11100,Medicaid,2257.94,2
CLM102024,PT12072,Medicare,2256.4,2
CLM102368,PT11717,Medicare,2255.41,2
CLM100648,PT12598,Aetna,2253.94,2
CLM100616,PT11605,Medicaid,2251.8,2
CLM101940,PT10894,Aetna,2246.56,2
CLM102277,PT12866,UnitedHealthcare,2246.47,2
CLM100271,PT12380,"Blue Cross",2245.44,2
CLM100681,PT11921,Medicaid,2245.1,2
CLM102082,PT12316,"Blue Cross",2243.16,2
CLM101526,PT11393,Aetna,2239.18,2
CLM100759,PT11147,Medicare,2236.37,2
CLM102079,PT12612,Medicare,2236.1,2
CLM101357,PT11182,Cigna,2235.52,2
CLM101401,PT10688,Cigna,2233.87,2
CLM101018,PT11644,Medicare,2231.92,2
CLM102071,PT12624,UnitedHealthcare,2228.93,2
CLM102411,PT11924,"Blue Cross",2224.23,2
CLM101773,PT12787,"Blue Cross",2223.27,2
CLM101370,PT10225,UnitedHealthcare,2221.92,2
CLM101977,PT12268,UnitedHealthcare,2221.69,2
CLM102902,PT10130,Aetna,2220.83,2
CLM100992,PT10446,Medicare,2219.69,2
CLM101035,PT10608,"Blue Cross",2219.56,2
CLM102067,PT10051,Medicare,2218.67,2
CLM102142,PT12554,UnitedHealthcare,2217.46,2
CLM102172,PT10904,UnitedHealthcare,2215.61,2
CLM102109,PT11059,Medicare,2212.89,2
CLM100009,PT11522,Aetna,2212.41,2
CLM100876,PT10034,"Blue Cross",2211.57,2
CLM101872,PT11699,Medicare,2208.71,2
CLM102742,PT10729,Aetna,2207.48,2
CLM100515,PT11321,Medicare,2206.75,2
CLM102471,PT10620,Cigna,2206.59,2
CLM102969,PT10826,"Blue Cross",2205.95,2
CLM100407,PT10809,"Blue Cross",2204.96,2
CLM100512,PT10301,Medicaid,2204.62,2
CLM102842,PT12946,"Blue Cross",2203.35,2
CLM100306,PT12788,"Blue Cross",2202.04,2
CLM101863,PT11614,Medicare,2199.57,2
CLM101489,PT10988,Cigna,2199.55,2
CLM102498,PT12664,Medicaid,2198.06,2
CLM101027,PT12367,"Blue Cross",2191.34,2
CLM101237,PT11171,Cigna,2191.13,2
CLM101922,PT12448,Cigna,2190.88,2
CLM101488,PT10158,UnitedHealthcare,2190.38,2
CLM100507,PT12264,Medicaid,2189.99,2
CLM100391,PT10984,Cigna,2189.33,2
CLM100979,PT10474,Medicaid,2188.99,2
CLM102103,PT11565,Aetna,2188.69,2
CLM101052,PT12420,UnitedHealthcare,2187.59,2
CLM100910,PT11517,Medicare,2187.14,2
CLM102358,PT10675,Medicaid,2186.21,2
CLM101598,PT11745,Medicare,2185.49,2
CLM102038,PT12631,UnitedHealthcare,2181.98,2
CLM101649,PT10472,Medicaid,2181.74,2
CLM102048,PT12912,Medicaid,2180.59,2
CLM101458,PT12218,Aetna,2180.38,2
CLM102987,PT12856,Aetna,2179.89,2
CLM102891,PT12124,UnitedHealthcare,2179.08,2
CLM100569,PT10380,Cigna,2176.48,2
CLM100336,PT12867,Medicare,2175.12,2
CLM102462,PT11173,Cigna,2172.92,2
CLM101290,PT12800,Aetna,2172.28,2
CLM102306,PT12900,Cigna,2172.23,2
CLM100252,PT10451,"Blue Cross",2168.62,2
CLM101242,PT11057,"Blue Cross",2167.57,2
CLM101066,PT10389,Aetna,2166.22,2
CLM102557,PT12724,Aetna,2165.9,3
CLM100780,PT12790,"Blue Cross",2164.61,3
CLM100251,PT11244,Aetna,2160.72,3
CLM102050,PT12171,Medicaid,2159.95,3
CLM102532,PT11871,"Blue Cross",2159.8,3
CLM102945,PT12231,Aetna,2156.3,3
CLM101939,PT12846,UnitedHealthcare,2155.7,3
CLM102263,PT11100,Cigna,2154.39,3
CLM102268,PT10173,Medicare,2154.28,3
CLM101004,PT11474,"Blue Cross",2150.16,3
CLM100231,PT10113,UnitedHealthcare,2150.14,3
CLM101380,PT11258,Cigna,2148.79,3
CLM102425,PT11206,Aetna,2146.15,3
CLM100103,PT10896,"Blue Cross",2145.47,3
CLM101696,PT11660,"Blue Cross",2144.33,3
CLM102765,PT10568,"Blue Cross",2141.63,3
CLM100948,PT12177,Medicaid,2140.88,3
CLM102825,PT12199,UnitedHealthcare,2140.19,3
CLM100055,PT10510,UnitedHealthcare,2137.29,3
CLM100145,PT12507,Medicare,2136.57,3
CLM101001,PT11027,Medicaid,2136.37,3
CLM101816,PT11771,Medicaid,2135.31,3
CLM101925,PT10591,"Blue Cross",2131.99,3
CLM102644,PT11816,"Blue Cross",2131.44,3
CLM100457,PT10418,Medicaid,2130.91,3
CLM100120,PT10388,Medicare,2129.15,3
CLM101507,PT12311,Medicaid,2129.09,3
CLM101988,PT10875,Aetna,2129.02,3
CLM100642,PT10713,UnitedHealthcare,2122.34,3
CLM102396,PT10018,Medicare,2120.96,3
CLM100966,PT12211,Aetna,2119.88,3
CLM102710,PT10906,Aetna,2119.69,3
CLM102661,PT11288,UnitedHealthcare,2119.24,3
CLM100266,PT12385,"Blue Cross",2117.68,3
CLM100383,PT12211,Medicare,2116.31,3
CLM102663,PT11842,Medicaid,2115.82,3
CLM100083,PT12120,Medicare,2110.36,3
CLM100534,PT10940,Medicare,2110.28,3
CLM100448,PT12261,Cigna,2110.09,3
CLM100039,PT10287,Medicaid,2108.63,3
CLM100609,PT10969,Aetna,2108.5,3
CLM100378,PT12836,Medicare,2108.14,3
CLM102064,PT10082,Cigna,2108.14,3
CLM102760,PT11439,"Blue Cross",2107.5,3
CLM100080,PT12488,Aetna,2106.78,3
CLM101195,PT11641,Cigna,2105.98,3
CLM100416,PT12138,UnitedHealthcare,2103.44,3
CLM102361,PT10542,UnitedHealthcare,2102.94,3
CLM101318,PT12857,Aetna,2101.13,3
CLM102778,PT12169,Aetna,2101.09,3
CLM101791,PT11221,Medicaid,2096.66,3
CLM101912,PT11036,Cigna,2095.84,3
CLM101026,PT10157,UnitedHealthcare,2094.07,3
CLM100028,PT10035,Medicare,2093.56,3
CLM100200,PT11436,UnitedHealthcare,2093.56,3
CLM102513,PT12881,Cigna,2093.21,3
CLM100622,PT12955,UnitedHealthcare,2092.6,3
CLM100186,PT10032,Cigna,2091.09,3
CLM101402,PT10028,Aetna,2088.53,3
CLM101962,PT11018,Cigna,2087.96,3
CLM100116,PT10717,Cigna,2086.55,3
CLM101063,PT11689,Medicare,2084.43,3
CLM100374,PT12666,Cigna,2084.15,3
CLM100920,PT12392,Medicaid,2083.03,3
CLM101310,PT11452,Cigna,2082.97,3
CLM100765,PT12032,Cigna,2080.25,3
CLM101697,PT11560,Cigna,2079.46,3
CLM100142,PT10182,Aetna,2078.75,3
CLM102991,PT10241,Aetna,2078.09,3
CLM102651,PT10813,Aetna,2077.3,3
CLM102518,PT10022,Medicaid,2076.7,3
CLM102780,PT12397,"Blue Cross",2075.92,3
CLM102036,PT10320,"Blue Cross",2075.68,3
CLM100902,PT12414,Medicare,2074.1,3
CLM101260,PT12624,Medicaid,2073.07,3
CLM102193,PT12363,Cigna,2069.75,3
CLM100604,PT10975,Cigna,2063.07,3
CLM102063,PT12314,UnitedHealthcare,2062.52,3
CLM102699,PT10446,UnitedHealthcare,2062.42,3
CLM102530,PT12255,Medicare,2061.95,3
CLM100069,PT12074,Medicare,2059.63,3
CLM101285,PT11620,Medicaid,2059.41,3
CLM102242,PT10085,Medicare,2056.98,3
CLM102085,PT12605,Cigna,2055.76,3
CLM102504,PT12673,Medicare,2054.51,3
CLM102397,PT10316,Aetna,2053.74,3
CLM101897,PT12152,"Blue Cross",2052.27,3
CLM100188,PT10648,"Blue Cross",2052.08,3
CLM100124,PT10157,Medicare,2051.88,3
CLM100014,PT11564,"Blue Cross",2049.01,3
CLM101540,PT12787,UnitedHealthcare,2048.81,3
CLM100085,PT10175,Aetna,2043.06,3
CLM102542,PT11385,Aetna,2043.03,3
CLM101724,PT10586,"Blue Cross",2042.02,3
CLM102229,PT12461,UnitedHealthcare,2039.81,3
CLM101159,PT11757,UnitedHealthcare,2038.84,3
CLM101890,PT12529,,2038.77,3
CLM101760,PT10161,Aetna,2037.71,3
CLM102948,PT12487,"Blue Cross",2036.25,3
CLM102649,PT10574,"Blue Cross",2035,3
CLM102926,PT10515,Cigna,2031.96,3
CLM100972,PT11178,Medicare,2029.93,3
CLM101534,PT10697,Medicare,2026.8,3
CLM102435,PT12282,UnitedHealthcare,2024.71,3
CLM102003,PT12583,UnitedHealthcare,2019.1,3
CLM101522,PT10133,Medicaid,2017.74,3
CLM102912,PT12766,Aetna,2017.31,3
CLM100463,PT12197,Cigna,2016.7,3
CLM100793,PT12794,Medicare,2015.3,3
CLM102512,PT11688,Aetna,2013.64,3
CLM101247,PT11333,"Blue Cross",2013.44,3
CLM101240,PT10942,Aetna,2012.76,3
CLM102318,PT11352,Medicaid,2012.23,3
CLM100684,PT10738,UnitedHealthcare,2010.54,3
CLM102722,PT12631,Medicaid,2001.38,3
CLM102575,PT12587,Aetna,1998.97,3
CLM101607,PT10611,,1998.14,3
CLM102500,PT10232,Cigna,1996.95,3
CLM100088,PT10001,Medicare,1996.8,3
CLM100370,PT12399,Medicare,1996.43,3
CLM102755,PT10448,Cigna,1995.46,3
CLM101612,PT12006,"Blue Cross",1995.18,3
CLM100428,PT11421,UnitedHealthcare,1995.11,3
CLM102054,PT12592,Medicare,1994.65,3
CLM100258,PT12598,Medicare,1994.63,3
CLM100710,PT12209,Aetna,1993.13,3
CLM100520,PT10131,Medicare,1992.88,3
CLM100666,PT12688,Aetna,1991.79,3
CLM102215,PT11926,Medicaid,1991.63,3
CLM100328,PT11181,Medicaid,1989.13,3
CLM100147,PT11367,Medicaid,1988.87,3
CLM102779,PT12373,Cigna,1987.61,3
CLM101670,PT10519,"Blue Cross",1987.08,3
CLM101429,PT10472,Aetna,1986.04,3
CLM101264,PT12721,"Blue Cross",1981.7,3
CLM101516,PT12856,"Blue Cross",1980.3,3
CLM101787,PT10402,UnitedHealthcare,1979.12,3
CLM100595,PT10220,Medicaid,1978.62,3
CLM102154,PT10946,"Blue Cross",1977.8,3
CLM102589,PT12225,"Blue Cross",1977.41,3
CLM101125,PT12917,"Blue Cross",1977.14,3
CLM100769,PT12202,"Blue Cross",1976.8,3
CLM102124,PT12859,Cigna,1971.84,3
CLM100720,PT12106,Medicaid,1969.75,3
CLM102313,PT12192,UnitedHealthcare,1968.94,3
CLM101116,PT12998,Medicaid,1966.86,3
CLM100761,PT12538,Medicare,1966.77,3
CLM100667,PT10228,Aetna,1966.29,3
CLM102879,PT11713,UnitedHealthcare,1965.63,3
CLM102023,PT10846,Aetna,1965.26,3
CLM102579,PT10771,UnitedHealthcare,1964.78,3
CLM102373,PT10613,Medicare,1964.05,3
CLM100198,PT10868,"Blue Cross",1963.65,3
CLM100896,PT11898,UnitedHealthcare,1962.64,3
CLM102549,PT12404,Cigna,1960.69,3
CLM100184,PT12146,Medicaid,1957.74,3
CLM101081,PT10930,Medicaid,1957.6,3
CLM100711,PT11966,Aetna,1951.63,3
CLM102257,PT10545,Cigna,1951.54,3
CLM102086,PT10044,Aetna,1951.51,3
CLM102404,PT11651,Aetna,1951.23,3
CLM100381,PT10773,UnitedHealthcare,1947.99,3
CLM100060,PT10685,Medicaid,1946.41,3
CLM102304,PT11398,Aetna,1945.99,3
CLM100101,PT11424,UnitedHealthcare,1945.52,3
CLM100723,PT11376,Aetna,1944.93,3
CLM101056,PT10764,Aetna,1943.85,3
CLM102033,PT12793,Medicaid,1940.94,3
CLM102754,PT10541,Aetna,1940.94,3
CLM102343,PT11241,Medicare,1939.54,3
CLM102233,PT10234,Medicare,1938.78,3
CLM100199,PT11795,UnitedHealthcare,1937.94,3
CLM102826,PT12861,"Blue Cross",1933.69,3
CLM100811,PT11935,Medicare,1932,3
CLM101115,PT12309,Cigna,1930.74,3
CLM100405,PT10587,Medicaid,1930.47,3
CLM100554,PT11097,Medicaid,1929,3
CLM101083,PT11788,Medicare,1928.7,3
CLM101067,PT10950,Medicare,1928.04,3
CLM102580,PT12198,Medicare,1925.89,3
CLM102686,PT11538,UnitedHealthcare,1923.89,3
CLM100330,PT10375,Cigna,1921.81,3
CLM100871,PT12632,"Blue Cross",1920.21,3
CLM101783,PT11456,"Blue Cross",1920.04,3
CLM101371,PT12802,Cigna,1917.33,3
CLM101368,PT11176,Medicaid,1914.21,3
CLM102659,PT12751,Medicaid,1913.53,3
CLM100047,PT10075,Medicare,1913.17,3
CLM102915,PT10980,Aetna,1912.94,3
CLM101938,PT12690,"Blue Cross",1909.79,3
CLM101688,PT12278,UnitedHealthcare,1909.54,3
CLM102291,PT12098,"Blue Cross",1908.14,3
CLM100355,PT10137,Medicaid,1907.6,3
CLM101663,PT11938,"Blue Cross",1906.11,3
CLM101233,PT12804,Cigna,1905.13,3
CLM102540,PT11850,Cigna,1905.07,3
CLM102413,PT10507,Aetna,1904.88,3
CLM100455,PT11535,"Blue Cross",1900.09,3
CLM102434,PT10325,Aetna,1900.03,3
CLM101171,PT11204,Medicaid,1897.77,3
CLM101036,PT12967,,1897.71,3
CLM102137,PT11702,Medicare,1897.56,3
CLM100955,PT12307,UnitedHealthcare,1896.4,3
CLM100335,PT11334,Medicaid,1896.31,3
CLM100065,PT12841,Aetna,1896.13,3
CLM102833,PT10120,UnitedHealthcare,1895.81,3
CLM102509,PT10289,Medicare,1895.76,3
CLM101906,PT10197,Cigna,1894.49,3
CLM102286,PT12956,Medicaid,1894.16,3
CLM102568,PT10489,Cigna,1893.8,3
CLM101438,PT12768,UnitedHealthcare,1890.68,3
CLM102181,PT12300,UnitedHealthcare,1890.06,3
CLM100547,PT12543,Medicaid,1888.33,3
CLM101641,PT10213,Medicaid,1885.34,3
CLM102813,PT11380,Aetna,1884.61,3
CLM101266,PT10040,Cigna,1882.01,3
CLM100535,PT11432,Aetna,1881.56,3
CLM102298,PT10836,"Blue Cross",1878.11,3
CLM100257,PT10908,Medicare,1875.95,3
CLM101209,PT10566,Medicare,1875.81,3
CLM102409,PT11797,Cigna,1873.74,3
CLM101487,PT12403,Aetna,1873.63,3
CLM101152,PT12894,Medicare,1871.92,3
CLM100211,PT10616,Medicare,1868.71,3
CLM102503,PT10147,Aetna,1863.26,3
CLM100218,PT12889,UnitedHealthcare,1861.75,3
CLM101092,PT11311,UnitedHealthcare,1861.02,3
CLM102952,PT10840,Medicare,1860.69,3
CLM100329,PT12659,Cigna,1859.35,3
CLM100610,PT11938,"Blue Cross",1858.37,3
CLM101280,PT10349,Cigna,1857.61,3
CLM101157,PT10420,Cigna,1857.49,3
CLM100177,PT12859,UnitedHealthcare,1855.04,3
CLM102475,PT10498,"Blue Cross",1854.83,3
CLM102937,PT12613,Cigna,1853.3,3
CLM102630,PT12901,"Blue Cross",1853.1,3
CLM102586,PT11484,Cigna,1851.76,3
CLM102965,PT11044,Aetna,1847.95,3
CLM100143,PT12412,Medicaid,1845.43,3
CLM101576,PT10489,Medicaid,1843.06,3
CLM100862,PT11574,Aetna,1842.86,3
CLM101328,PT12992,Cigna,1838.57,3
CLM101601,PT11170,Aetna,1834.99,3
CLM102113,PT12732,"Blue Cross",1832.89,3
CLM102749,PT11847,"Blue Cross",1832.55,3
CLM102120,PT10554,UnitedHealthcare,1831.76,3
CLM102613,PT10062,"Blue Cross",1831.48,3
CLM101101,PT11055,UnitedHealthcare,1827,3
CLM100802,PT10956,Medicare,1825.84,3
CLM102784,PT10590,"Blue Cross",1823.75,3
CLM101297,PT12967,Aetna,1822.01,3
CLM100826,PT10666,Cigna,1819.39,3
CLM102771,PT11568,UnitedHealthcare,1819.18,3
CLM101317,PT12446,Cigna,1819.03,3
CLM102723,PT12814,"Blue Cross",1818.74,3
CLM101671,PT11067,Medicare,1814.66,3
CLM100985,PT10138,"Blue Cross",1814.26,3
CLM101841,PT12559,,1810.45,3
CLM100655,PT10385,"Blue Cross",1810.2,3
CLM101409,PT10810,Medicaid,1807.73,3
CLM100947,PT12076,Medicare,1806.73,3
CLM102709,PT11175,Medicaid,1805.17,3
CLM100537,PT12007,Medicare,1804.34,3
CLM101858,PT12569,Medicare,1803.58,3
CLM100881,PT12729,Medicaid,1803.15,3
CLM102288,PT10357,Medicaid,1802.14,3
CLM101592,PT12553,Aetna,1800.04,3
CLM102900,PT10175,"Blue Cross",1798.18,3
CLM101340,PT11825,Medicare,1797.12,3
CLM101700,PT11020,Aetna,1795.98,3
CLM100464,PT12282,Medicaid,1794.1,3
CLM101498,PT11416,Medicare,1794.07,3
CLM100674,PT10555,Aetna,1793.75,3
CLM102363,PT11847,UnitedHealthcare,1793.65,3
CLM100161,PT11752,Medicaid,1792.91,3
CLM101628,PT11682,Medicare,1791.1,3
CLM102426,PT12751,Medicare,1790.51,3
CLM101794,PT11483,Aetna,1785.88,3
CLM101679,PT10300,Medicare,1785.43,3
CLM100585,PT11895,Cigna,1784.63,3
CLM102443,PT11171,Medicare,1784.45,3
CLM102476,PT10857,Medicaid,1783.98,3
CLM100038,PT10700,UnitedHealthcare,1778.33,3
CLM101016,PT12941,Aetna,1777.84,3
CLM100277,PT11052,"Blue Cross",1775.75,3
CLM101828,PT10541,Medicaid,1774.58,3
CLM100625,PT10988,Cigna,1774.56,3
CLM102069,PT11210,"Blue Cross",1773.38,3
CLM100605,PT10312,,1773.37,3
CLM101139,PT10268,"Blue Cross",1773.04,3
CLM102898,PT10423,Cigna,1772.89,3
CLM101618,PT11945,"Blue Cross",1770.7,3
CLM100240,PT10210,UnitedHealthcare,1769.9,3
CLM100925,PT10214,"Blue Cross",1769.89,3
CLM101477,PT12210,Cigna,1769.11,3
CLM100423,PT12974,Medicaid,1769.09,3
CLM102366,PT10080,Medicaid,1767.79,3
CLM101172,PT10819,Medicare,1767.2,3
CLM100245,PT12656,Medicare,1766.5,3
CLM100176,PT11391,Medicare,1765.6,3
CLM102138,PT10121,UnitedHealthcare,1765.56,3
CLM102202,PT11441,Medicare,1764.28,3
CLM101444,PT12764,"Blue Cross",1762.8,3
CLM101605,PT12580,"Blue Cross",1761.45,3
CLM102422,PT12070,Medicare,1760.63,3
CLM101827,PT12450,Medicaid,1760.49,3
CLM102377,PT10289,Medicaid,1756.78,3
CLM102235,PT11888,Cigna,1755.05,3
CLM101902,PT10977,UnitedHealthcare,1753.08,3
CLM101603,PT10996,Medicare,1751.33,3
CLM101960,PT11352,"Blue Cross",1750.88,3
CLM100617,PT12541,Medicare,1750.86,3
CLM100868,PT11342,Medicare,1750.74,3
CLM102634,PT11314,Medicaid,1750.32,3
CLM101147,PT12054,Medicaid,1747.58,3
CLM101006,PT12279,Aetna,1743.28,3
CLM102280,PT11872,UnitedHealthcare,1742.73,3
CLM102356,PT11433,"Blue Cross",1741.39,3
CLM101324,PT12821,Medicaid,1739.78,3
CLM101840,PT11984,UnitedHealthcare,1739.4,3
CLM101361,PT10475,Aetna,1738.59,3
CLM100810,PT10068,UnitedHealthcare,1738.53,3
CLM101468,PT10420,Medicare,1737.45,3
CLM100916,PT12113,Medicare,1737.36,3
CLM101661,PT12072,Medicaid,1736.53,3
CLM101234,PT11646,Medicaid,1735.04,3
CLM102804,PT12784,Aetna,1734,3
CLM100997,PT11952,Medicaid,1729.79,3
CLM102924,PT12672,Cigna,1728.79,3
CLM100298,PT12345,"Blue Cross",1727.5,3
CLM101548,PT10031,Medicaid,1727.08,3
CLM102610,PT11401,Cigna,1726.32,3
CLM101366,PT12878,"Blue Cross",1722.29,3
CLM101757,PT12623,"Blue Cross",1719.65,3
CLM102217,PT10592,Aetna,1717.43,3
CLM102328,PT12067,Cigna,1715.91,3
CLM102007,PT12412,UnitedHealthcare,1713.03,3
CLM100236,PT10155,Aetna,1712.83,3
CLM101191,PT12562,Medicare,1712.39,3
CLM102787,PT11217,Medicare,1709.47,3
CLM102603,PT11865,Aetna,1707.5,3
CLM101132,PT10596,Medicaid,1705.64,3
CLM101359,PT11532,,1704.15,3
CLM102856,PT10734,Aetna,1703.59,3
CLM100851,PT11837,Medicaid,1703.17,3
CLM100133,PT10273,Cigna,1701.18,3
CLM102975,PT11138,Aetna,1699.22,3
CLM101222,PT10629,Cigna,1698.97,3
CLM102660,PT12977,Aetna,1698.53,3
CLM100879,PT12208,UnitedHealthcare,1698.52,3
CLM102811,PT10288,Aetna,1695.96,3
CLM101968,PT12077,Medicare,1695.58,3
CLM101221,PT12292,Cigna,1695.35,3
CLM101529,PT11539,Medicare,1694.6,3
CLM101155,PT10902,Medicare,1693.47,3
CLM100582,PT11327,"Blue Cross",1693.06,3
CLM102020,PT12437,Medicaid,1691.93,3
CLM102495,PT10643,Medicaid,1689.11,3
CLM100190,PT10669,"Blue Cross",1685.67,3
CLM100698,PT12610,"Blue Cross",1680.47,3
CLM100421,PT12356,Cigna,1680.31,3
CLM102608,PT12952,Cigna,1679.58,3
CLM100274,PT12728,Cigna,1677.08,3
CLM100814,PT10627,Cigna,1676.94,3
CLM102887,PT11339,Aetna,1676.63,3
CLM102196,PT11912,UnitedHealthcare,1674.74,3
CLM100493,PT10554,Medicaid,1674.62,3
CLM102485,PT10133,Medicare,1674.21,3
CLM100373,PT10753,Medicaid,1672.6,3
CLM102183,PT12184,"Blue Cross",1672.35,3
CLM102866,PT10783,Aetna,1671.82,3
CLM100377,PT10598,Aetna,1670.08,3
CLM101647,PT11651,Cigna,1668.12,3
CLM101188,PT11408,,1663.89,3
CLM100053,PT10661,Medicare,1660.5,3
CLM100532,PT10363,"Blue Cross",1658.26,3
CLM100832,PT10526,UnitedHealthcare,1658.08,3
CLM102187,PT11953,Medicaid,1655.1,3
CLM102249,PT10109,Medicare,1653.28,3
CLM101131,PT10124,UnitedHealthcare,1653.23,3
CLM102712,PT10173,"Blue Cross",1650.67,3
CLM101170,PT10924,"Blue Cross",1650.58,3
CLM100260,PT12345,Aetna,1649.54,3
CLM101111,PT11144,Aetna,1649.02,3
CLM100822,PT10156,Medicaid,1648.86,3
CLM100952,PT12954,Cigna,1645.22,3
CLM101553,PT10826,Medicaid,1643.88,3
CLM102203,PT10805,Medicare,1641.02,3
CLM102398,PT10794,Medicaid,1638.97,3
CLM100130,PT12650,Aetna,1638.73,3
CLM102923,PT10749,"Blue Cross",1638.7,3
CLM100212,PT11097,Cigna,1636.26,3
CLM101735,PT10880,"Blue Cross",1635.56,3
CLM102342,PT10830,Medicare,1634.44,3
CLM100968,PT11226,"Blue Cross",1633.48,3
CLM102270,PT12528,Medicare,1632.09,3
CLM101127,PT12800,Medicaid,1623.83,3
CLM102588,PT12066,Cigna,1622.59,3
CLM101428,PT12327,Medicare,1619.81,3
CLM101287,PT12984,Aetna,1616.97,3
CLM100669,PT10112,Medicare,1616.07,3
CLM102501,PT11219,"Blue Cross",1613.01,3
CLM100624,PT12771,"Blue Cross",1612.8,3
CLM102932,PT11970,Medicare,1611.42,3
CLM102888,PT10516,Aetna,1610.58,3
CLM101254,PT11619,Aetna,1609.7,3
CLM101723,PT12809,UnitedHealthcare,1609.06,3
CLM102488,PT10429,Medicaid,1607.43,3
CLM102190,PT12849,Aetna,1606.39,3
CLM102030,PT11857,Cigna,1605.21,3
CLM101038,PT10357,Aetna,1599.77,3
CLM100553,PT12840,UnitedHealthcare,1599.27,3
CLM101994,PT10588,UnitedHealthcare,1598.89,3
CLM102704,PT11067,"Blue Cross",1598.6,3
CLM102060,PT11557,Aetna,1594.88,3
CLM100665,PT10402,Aetna,1592.06,3
CLM101754,PT12756,"Blue Cross",1587.27,3
CLM102115,PT10528,UnitedHealthcare,1587.08,3
CLM102403,PT11976,Medicare,1586.68,3
CLM101440,PT10488,Medicaid,1586.54,3
CLM102951,PT11192,Medicare,1584.17,3
CLM102040,PT12842,Medicaid,1583.19,3
CLM100113,PT12855,,1580.2,3
CLM102216,PT10645,Medicare,1580.16,3
CLM101801,PT10563,Aetna,1579.57,3
CLM101336,PT12879,Cigna,1579.37,3
CLM100869,PT11326,Medicaid,1577.24,3
CLM101435,PT10822,"Blue Cross",1577.22,3
CLM101307,PT11811,Medicaid,1576.91,3
CLM100041,PT12098,Medicaid,1574.71,3
CLM102920,PT11308,Medicare,1573.64,3
CLM101584,PT12442,UnitedHealthcare,1572.81,3
CLM101068,PT10813,Medicare,1572.32,3
CLM102832,PT11782,UnitedHealthcare,1571.21,3
CLM100975,PT10850,Medicare,1571.01,3
CLM102905,PT10994,"Blue Cross",1570.17,3
CLM100957,PT11350,Medicaid,1568.64,3
CLM101464,PT11087,Medicare,1568.26,3
CLM101323,PT11884,Cigna,1568.2,3
CLM102772,PT12243,"Blue Cross",1567.25,3
CLM102854,PT11825,Cigna,1565.44,3
CLM102334,PT10617,Aetna,1565.43,3
CLM101169,PT11124,UnitedHealthcare,1564.43,3
CLM102460,PT10355,Medicare,1559.2,3
CLM101019,PT12203,Medicare,1556.49,3
CLM100776,PT12484,Aetna,1555.04,3
CLM100583,PT10945,Medicaid,1553.61,3
CLM101755,PT11308,"Blue Cross",1553.39,3
CLM101533,PT11576,Aetna,1553.03,3
CLM100730,PT12542,Medicaid,1550.79,3
CLM101859,PT12933,Cigna,1550.26,3
CLM102287,PT11973,Cigna,1549.22,3
CLM101975,PT12479,Aetna,1549.08,3
CLM102219,PT11152,UnitedHealthcare,1549.06,3
CLM100858,PT11790,Aetna,1546.76,3
CLM102438,PT12703,Medicaid,1546.74,3
CLM102917,PT10565,Medicaid,1545.71,3
CLM101544,PT10587,Medicaid,1545.44,3
CLM100676,PT11279,Aetna,1545.39,3
CLM102800,PT10269,UnitedHealthcare,1543.47,3
CLM102284,PT12613,Medicare,1543.4,3
CLM102285,PT11702,"Blue Cross",1540.13,3
CLM100516,PT11570,Cigna,1538.57,3
CLM100853,PT12310,Medicare,1537.84,3
CLM102482,PT12943,Cigna,1534.35,3
CLM101683,PT11806,Cigna,1531.8,3
CLM102733,PT11600,Cigna,1529.05,3
CLM100536,PT11250,UnitedHealthcare,1526.66,3
CLM102822,PT11717,UnitedHealthcare,1526.18,3
CLM101008,PT10318,Aetna,1526.02,3
CLM102537,PT12384,Medicaid,1525.41,3
CLM101228,PT12265,Medicaid,1523.09,3
CLM100548,PT10472,Medicaid,1522.55,3
CLM102572,PT10676,Cigna,1518.86,3
CLM101961,PT12690,Medicare,1514.88,3
CLM102272,PT11463,Medicare,1513.47,3
CLM100749,PT11016,"Blue Cross",1512.9,3
CLM100964,PT10478,"Blue Cross",1510.01,3
CLM102162,PT11259,Medicaid,1508.79,3
CLM101497,PT12936,Aetna,1507.15,3
CLM101884,PT12149,Cigna,1501.63,3
CLM102774,PT11350,Medicare,1498.66,3
CLM102031,PT10648,Medicare,1496.57,3
CLM101745,PT11450,Medicare,1496.05,3
CLM102335,PT10760,Medicaid,1495.22,3
CLM100157,PT10085,Aetna,1492.09,3
CLM100351,PT10117,Medicare,1490.51,3
CLM102197,PT12593,Aetna,1488.37,3
CLM102362,PT10381,UnitedHealthcare,1487.76,3
CLM102621,PT12638,Medicaid,1487.58,3
CLM102635,PT10039,UnitedHealthcare,1487.3,3
CLM102178,PT10746,Medicaid,1486.64,3
CLM102716,PT11544,Medicaid,1482.63,3
CLM102331,PT12307,Medicaid,1481.07,3
CLM102793,PT10841,Cigna,1479.9,3
CLM101248,PT12063,"Blue Cross",1477.84,3
CLM102740,PT12907,Cigna,1476.49,3
CLM100790,PT10424,Medicare,1476.26,3
CLM100812,PT10757,Cigna,1475.99,3
CLM100424,PT12618,Medicaid,1475.9,3
CLM102489,PT12993,Aetna,1475.79,3
CLM102998,PT10468,Medicaid,1474.67,3
CLM102551,PT12401,UnitedHealthcare,1473.04,3
CLM102886,PT11513,Medicare,1472.72,3
CLM101976,PT12959,UnitedHealthcare,1469.79,3
CLM100156,PT11580,"Blue Cross",1468.22,3
CLM100577,PT10639,"Blue Cross",1464.03,3
CLM102303,PT11593,UnitedHealthcare,1463.5,3
CLM100452,PT11614,UnitedHealthcare,1463.06,3
CLM100024,PT12266,"Blue Cross",1462.37,3
CLM102666,PT12117,Medicare,1462.01,3
CLM100601,PT12861,Aetna,1460.84,3
CLM100488,PT11186,Aetna,1460.19,3
CLM100574,PT11703,UnitedHealthcare,1460.13,3
CLM102829,PT11716,Medicaid,1458.53,3
CLM101103,PT10870,"Blue Cross",1457.77,3
CLM100247,PT11568,Aetna,1454.93,3
CLM100222,PT10652,Aetna,1453.68,3
CLM100217,PT12660,Medicare,1453.21,3
CLM100581,PT10508,Medicaid,1452.06,3
CLM100675,PT11102,"Blue Cross",1450.57,3
CLM101395,PT11995,Aetna,1449.09,3
CLM101606,PT12366,UnitedHealthcare,1445.67,3
CLM101558,PT11499,Medicaid,1444.6,3
CLM102664,PT10892,"Blue Cross",1443.25,3
CLM100509,PT10304,Cigna,1441.76,3
CLM100805,PT12736,Medicaid,1440.3,3
CLM100110,PT11420,UnitedHealthcare,1437.23,3
CLM101054,PT12013,UnitedHealthcare,1434.3,3
CLM101486,PT11580,Cigna,1430.36,3
CLM100202,PT10592,"Blue Cross",1426.44,3
CLM101471,PT10420,UnitedHealthcare,1424.8,3
CLM101294,PT12755,Aetna,1423.89,3
CLM101238,PT11598,Cigna,1420.67,3
CLM100502,PT12648,UnitedHealthcare,1418.54,3
CLM101686,PT12451,Medicaid,1418.38,3
CLM102925,PT12291,Medicaid,1417.93,3
CLM100017,PT11168,UnitedHealthcare,1417.27,3
CLM102894,PT10727,Aetna,1415.67,3
CLM101882,PT12960,Cigna,1414.47,3
CLM101751,PT10257,"Blue Cross",1414,3
CLM100460,PT10061,"Blue Cross",1412.78,3
CLM101966,PT11483,UnitedHealthcare,1408.83,3
CLM100384,PT12548,"Blue Cross",1408.49,3
CLM100456,PT12430,Cigna,1407.17,3
CLM100267,PT12859,UnitedHealthcare,1407.1,3
CLM102599,PT11734,"Blue Cross",1406.61,3
CLM100880,PT12992,"Blue Cross",1406.46,3
CLM102618,PT11332,Medicaid,1405.12,3
CLM100627,PT12294,Medicare,1404.72,3
CLM101669,PT12373,Cigna,1403.51,3
CLM102601,PT10714,Medicare,1402.26,3
CLM101090,PT11112,Medicare,1401.77,3
CLM102641,PT12292,Cigna,1401.19,3
CLM100968,PT10062,Medicaid,1400.98,3
CLM102562,PT12661,Aetna,1400.42,3
CLM102299,PT11052,"Blue Cross",1399.87,3
CLM102862,PT10154,Aetna,1399.44,3
CLM100442,PT12860,"Blue Cross",1397,3
CLM101870,PT12055,Medicaid,1395.72,3
CLM100386,PT10299,Cigna,1395.39,3
CLM102227,PT11489,Medicare,1392.26,3
CLM102337,PT11344,"Blue Cross",1392.05,3
CLM102615,PT10086,Medicare,1389.66,3
CLM101005,PT10651,Aetna,1389.3,3
CLM102574,PT12038,Aetna,1386.8,3
CLM100550,PT10200,Medicaid,1386.04,3
CLM102351,PT12551,Medicare,1385.36,3
CLM100307,PT12893,Medicare,1384.62,3
CLM100264,PT10806,UnitedHealthcare,1384.02,3
CLM100589,PT12648,Medicare,1382.88,3
CLM101642,PT10543,UnitedHealthcare,1382.58,3
CLM100998,PT12923,Aetna,1381.08,3
CLM100061,PT10933,UnitedHealthcare,1374.17,3
CLM100884,PT12903,Medicare,1374,3
CLM100927,PT11020,"Blue Cross",1373.09,3
CLM100282,PT11114,Aetna,1370.1,3
CLM102455,PT10750,Aetna,1368.06,3
CLM101149,PT11165,Medicare,1367.01,3
CLM102344,PT10913,"Blue Cross",1365.47,3
CLM102131,PT11992,Cigna,1365.04,3
CLM101694,PT11828,Cigna,1363.6,3
CLM102737,PT11330,Cigna,1360.4,3
CLM100018,PT11694,Medicare,1360.17,3
CLM101924,PT12507,"Blue Cross",1360.05,3
CLM102648,PT11877,Aetna,1358.21,3
CLM100350,PT11781,Aetna,1357.02,3
CLM100801,PT11436,Medicare,1356.56,3
CLM100542,PT11197,"Blue Cross",1353.38,3
CLM102189,PT10809,"Blue Cross",1352.03,3
CLM102510,PT11307,Medicare,1351.61,3
CLM102230,PT11680,"Blue Cross",1351.41,3
CLM101512,PT12791,UnitedHealthcare,1350.46,3
CLM102139,PT12996,UnitedHealthcare,1350.21,3
CLM100571,PT10211,Aetna,1348.4,3
CLM102486,PT10393,Medicaid,1348.29,3
CLM101993,PT12568,Medicaid,1347.43,3
CLM101662,PT10748,"Blue Cross",1347.39,3
CLM100533,PT10604,Cigna,1346.52,3
CLM100852,PT10025,Medicaid,1344.79,3
CLM101483,PT12893,Aetna,1344.67,3
CLM101154,PT10326,"Blue Cross",1344.17,3
CLM102029,PT11506,UnitedHealthcare,1343.39,3
CLM100440,PT12814,UnitedHealthcare,1343.29,3
CLM100883,PT11856,Aetna,1339.17,3
CLM101037,PT10574,Medicare,1338.47,3
CLM102066,PT10778,Medicaid,1337.82,3
CLM101255,PT11787,Medicare,1337.36,3
CLM101299,PT11520,UnitedHealthcare,1333.61,3
CLM100538,PT12220,UnitedHealthcare,1331.99,3
CLM101196,PT12332,"Blue Cross",1329.09,3
CLM100737,PT12898,UnitedHealthcare,1325.75,3
CLM102448,PT11460,UnitedHealthcare,1324.91,3
CLM102594,PT12167,"Blue Cross",1324,3
CLM101653,PT11124,Medicaid,1322.43,3
CLM102681,PT12103,Aetna,1317.56,3
CLM102350,PT10063,"Blue Cross",1316.35,3
CLM100938,PT11236,Aetna,1314.54,3
CLM100261,PT11240,Aetna,1313.35,3
CLM101935,PT12461,Cigna,1313.03,3
CLM101852,PT12644,Medicare,1311.82,3
CLM100729,PT11268,Medicare,1311.42,3
CLM101273,PT10012,Medicare,1309.91,3
CLM102507,PT11835,Medicare,1308.52,3
CLM102885,PT10156,Medicaid,1307.45,3
CLM100619,PT10727,UnitedHealthcare,1306.82,3
CLM102391,PT10466,Medicare,1304.61,3
CLM101495,PT12755,Medicaid,1304.48,3
CLM100757,PT12690,Aetna,1301.24,3
CLM101376,PT12919,Medicaid,1298,3
CLM102717,PT12278,Aetna,1297.15,3
CLM101542,PT10137,"Blue Cross",1296.78,3
CLM100959,PT10164,UnitedHealthcare,1296.2,3
CLM101850,PT10030,Medicaid,1296.17,3
CLM101074,PT12076,Medicare,1295.19,3
CLM102860,PT11950,"Blue Cross",1294.92,3
CLM101933,PT12492,Cigna,1292.75,3
CLM100779,PT10848,UnitedHealthcare,1292.52,3
CLM101456,PT12428,Aetna,1290.53,3
CLM102088,PT12892,"Blue Cross",1290.27,3
CLM101802,PT12433,UnitedHealthcare,1289.93,3
CLM101258,PT10887,Medicare,1283.57,3
CLM102412,PT11581,Medicaid,1282.62,3
CLM102766,PT12918,UnitedHealthcare,1280.89,3
CLM101521,PT10430,UnitedHealthcare,1280.67,3
CLM100813,PT10845,"Blue Cross",1279.97,3
CLM100803,PT11582,Aetna,1276.22,3
CLM101895,PT10354,"Blue Cross",1271.4,3
CLM101000,PT11610,Cigna,1271.22,3
CLM101086,PT12949,UnitedHealthcare,1270.45,3
CLM100731,PT11671,"Blue Cross",1267.01,3
CLM102519,PT12247,Medicare,1265.2,3
CLM100150,PT11649,,1264.09,3
CLM100125,PT12632,Aetna,1254.64,3
CLM100027,PT11240,Medicaid,1253.84,3
CLM102882,PT11448,Aetna,1252.36,3
CLM101739,PT12249,Medicaid,1247.05,3
CLM102191,PT10026,UnitedHealthcare,1246.94,3
CLM102410,PT11843,"Blue Cross",1246.94,3
CLM100505,PT10634,Medicare,1245.45,3
CLM100046,PT11473,"Blue Cross",1245.02,3
CLM102872,PT11490,Medicaid,1244.62,3
CLM100410,PT12970,Aetna,1243.79,3
CLM101523,PT10899,"Blue Cross",1239.03,3
CLM102883,PT10135,Cigna,1237.75,3
CLM100872,PT12331,UnitedHealthcare,1237.63,3
CLM100510,PT10215,"Blue Cross",1236.35,3
CLM102223,PT11914,Aetna,1236.08,3
CLM100213,PT10060,Cigna,1235.84,3
CLM100269,PT11281,Medicaid,1235.14,3
CLM100450,PT11122,Medicare,1234.53,3
CLM101114,PT11534,Aetna,1232.98,3
CLM100754,PT12974,Cigna,1232.91,3
CLM101996,PT11643,Medicare,1230.91,3
CLM102828,PT11112,"Blue Cross",1228.24,3
CLM101588,PT11226,Medicare,1227.3,3
CLM102776,PT12600,Medicare,1227.18,3
CLM102673,PT10668,Medicaid,1226.36,3
CLM100278,PT11841,"Blue Cross",1224.98,3
CLM102689,PT10784,Aetna,1224.82,3
CLM100197,PT12507,"Blue Cross",1223.54,3
CLM100265,PT11252,,1219.23,3
CLM101877,PT10598,Medicare,1217.85,3
CLM102871,PT11077,"Blue Cross",1216.13,3
CLM100836,PT10801,Cigna,1214.49,3
CLM102794,PT10166,Medicare,1214.06,3
CLM100241,PT12122,Medicaid,1209.54,3
CLM102322,PT12702,UnitedHealthcare,1209.39,3
CLM102963,PT10698,Medicaid,1208.53,3
CLM100086,PT10050,Medicare,1201.13,3
CLM102609,PT11682,"Blue Cross",1199.39,3
CLM102407,PT11215,Medicaid,1198.89,3
CLM101205,PT10453,"Blue Cross",1198.45,3
CLM101451,PT10847,Medicaid,1197.91,3
CLM102218,PT11142,UnitedHealthcare,1197.09,3
CLM100734,PT10955,"Blue Cross",1195.61,3
CLM100901,PT10442,"Blue Cross",1193.92,3
CLM100634,PT10679,Aetna,1193.12,3
CLM100182,PT11438,Aetna,1192.34,3
CLM100122,PT12348,Medicaid,1190.79,3
CLM102173,PT12133,Medicare,1190.19,3
CLM101382,PT10348,UnitedHealthcare,1188.53,3
CLM102057,PT12391,Aetna,1185.72,3
CLM102417,PT10528,Aetna,1183.13,3
CLM102622,PT12120,UnitedHealthcare,1181.96,3
CLM102903,PT12231,Medicare,1177.12,3
CLM100819,PT11578,"Blue Cross",1176.85,3
CLM100138,PT10550,Medicare,1174.35,3
CLM101549,PT10549,Cigna,1172.51,3
CLM102876,PT11639,Cigna,1169.88,3
CLM101831,PT12862,Aetna,1169.87,3
CLM102051,PT12980,"Blue Cross",1169.86,3
CLM102919,PT12444,Cigna,1169.74,3
CLM101450,PT12644,Medicaid,1166.83,3
CLM101646,PT10408,Aetna,1166.57,3
CLM102076,PT12330,Aetna,1166.3,3
CLM102401,PT10641,UnitedHealthcare,1163.52,3
CLM101475,PT12722,Cigna,1163.46,3
CLM102791,PT11046,Medicaid,1163.39,3
CLM100719,PT10724,Aetna,1163.06,3
CLM102561,PT10518,"Blue Cross",1162.51,3
CLM101675,PT11687,Medicaid,1161.75,3
CLM100025,PT12711,Aetna,1160.8,3
CLM100766,PT10362,"Blue Cross",1160.79,3
CLM102449,PT12792,UnitedHealthcare,1159.15,3
CLM101748,PT11700,UnitedHealthcare,1159.13,3
CLM102008,PT12327,"Blue Cross",1158.63,3
CLM101023,PT10911,UnitedHealthcare,1158.23,3
CLM101554,PT11643,Medicaid,1157.98,3
CLM102441,PT11523,UnitedHealthcare,1157.59,3
CLM101085,PT11135,Aetna,1152.47,3
CLM100785,PT12182,Medicaid,1151.7,3
CLM102234,PT11688,Medicaid,1147.79,3
CLM100709,PT10424,Aetna,1147.62,3
CLM102213,PT11268,Cigna,1145.82,3
CLM100402,PT10312,Cigna,1145.56,3
CLM102122,PT11831,"Blue Cross",1143.86,3
CLM101837,PT10244,Medicaid,1142.72,3
CLM101580,PT12632,Medicaid,1138.54,3
CLM101579,PT11234,Aetna,1134.98,3
CLM102810,PT12633,"Blue Cross",1133.15,3
CLM102470,PT12534,Aetna,1131.73,3
CLM102128,PT12391,"Blue Cross",1131.39,3
CLM102170,PT11745,Cigna,1131.14,3
CLM102253,PT11525,UnitedHealthcare,1131.11,4
CLM102781,PT12911,Medicaid,1130.39,4
CLM101684,PT12503,Cigna,1129.04,4
CLM100878,PT12788,Medicaid,1128.33,4
CLM102068,PT10348,"Blue Cross",1127.69,4
CLM101017,PT11009,"Blue Cross",1127.55,4
CLM101265,PT11041,"Blue Cross",1127.32,4
CLM100762,PT10388,Medicare,1125.51,4
CLM101470,PT12253,Medicaid,1124.36,4
CLM102446,PT10445,"Blue Cross",1122.49,4
CLM102421,PT12229,"Blue Cross",1120.99,4
CLM100768,PT12772,"Blue Cross",1120.87,4
CLM102463,PT12791,Aetna,1120.76,4
CLM102436,PT10393,Aetna,1120.42,4
CLM102877,PT12071,Medicare,1118.25,4
CLM102567,PT10071,Medicaid,1115.96,4
CLM102239,PT11702,Aetna,1114.78,4
CLM100308,PT11952,Medicare,1112.44,4
CLM101045,PT12999,UnitedHealthcare,1109.69,4
CLM101502,PT11203,Cigna,1108.48,4
CLM102004,PT12723,UnitedHealthcare,1108.48,4
CLM101302,PT10605,UnitedHealthcare,1106.6,4
CLM101779,PT11223,Cigna,1105.67,4
CLM100835,PT10814,Aetna,1102.73,4
CLM102065,PT10966,Medicare,1102.06,4
CLM102989,PT12191,"Blue Cross",1100.9,4
CLM100300,PT10931,UnitedHealthcare,1100.74,4
CLM101465,PT10786,Medicare,1098.28,4
CLM101636,PT11097,Aetna,1097.51,4
CLM102094,PT11220,"Blue Cross",1095.15,4
CLM100861,PT11704,Medicare,1095.08,4
CLM102022,PT11068,Aetna,1093.38,4
CLM101117,PT11643,Medicaid,1090.12,4
CLM102445,PT11606,Medicare,1088.06,4
CLM100461,PT11151,Medicare,1085.17,4
CLM102469,PT12354,UnitedHealthcare,1083.86,4
CLM101929,PT12477,Medicare,1081.78,4
CLM102240,PT12519,"Blue Cross",1080.55,4
CLM101332,PT11395,Aetna,1080.2,4
CLM100988,PT10529,Cigna,1079.58,4
CLM102081,PT12750,Cigna,1076.82,4
CLM102364,PT11886,"Blue Cross",1076.58,4
CLM100208,PT10317,Aetna,1075.89,4
CLM100074,PT12471,Medicare,1075.66,4
CLM101007,PT10489,Cigna,1074.91,4
CLM101020,PT12659,Medicaid,1073.18,4
CLM100462,PT11399,Aetna,1072.69,4
CLM101651,PT12268,Aetna,1072.01,4
CLM101640,PT12327,"Blue Cross",1071.34,4
CLM102231,PT10115,UnitedHealthcare,1071.31,4
CLM101987,PT12713,UnitedHealthcare,1070.45,4
CLM102290,PT12854,Aetna,1068.66,4
CLM100159,PT12030,Cigna,1067.46,4
CLM101983,PT10573,Medicaid,1065.51,4
CLM100193,PT10519,"Blue Cross",1060.56,4
CLM101937,PT11205,"Blue Cross",1058.57,4
CLM102738,PT10923,Medicare,1058.24,4
CLM100204,PT10717,Medicaid,1056.87,4
CLM100305,PT12418,Cigna,1054.86,4
CLM101569,PT10699,"Blue Cross",1054.3,4
CLM101417,PT12726,Aetna,1053.99,4
CLM101291,PT11483,UnitedHealthcare,1053.68,4
CLM101879,PT10280,UnitedHealthcare,1053.29,4
CLM100517,PT11365,Cigna,1053.09,4
CLM102789,PT10069,Cigna,1052.41,4
CLM102759,PT10958,Cigna,1050.72,4
CLM102534,PT11674,Medicaid,1050.61,4
CLM101243,PT12724,Aetna,1049.61,4
CLM101972,PT10273,UnitedHealthcare,1048.63,4
CLM101012,PT12621,"Blue Cross",1047.5,4
CLM100713,PT12332,Aetna,1046.62,4
CLM100449,PT12957,Aetna,1044.75,4
CLM100513,PT10376,Cigna,1044.54,4
CLM101567,PT12994,Medicare,1040.39,4
CLM100756,PT12275,"Blue Cross",1039.02,4
CLM101236,PT12090,UnitedHealthcare,1038.31,4
CLM100637,PT12176,Medicaid,1037.18,4
CLM102611,PT12203,UnitedHealthcare,1036.78,4
CLM100023,PT12825,Medicare,1036.41,4
CLM102981,PT11402,"Blue Cross",1036,4
CLM102687,PT11792,Cigna,1035.91,4
CLM101202,PT12777,Medicare,1035.43,4
CLM101096,PT11159,,1034.04,4
CLM101629,PT12364,"Blue Cross",1033.85,4
CLM100152,PT12409,Cigna,1030.31,4
CLM100773,PT12844,Medicare,1028.57,4
CLM102372,PT10181,"Blue Cross",1027.89,4
CLM101478,PT10798,UnitedHealthcare,1027.44,4
CLM101153,PT10651,"Blue Cross",1025.56,4
CLM101620,PT11667,Medicare,1024.75,4
CLM101713,PT10327,Medicaid,1024.07,4
CLM101138,PT12767,Cigna,1023.25,4
CLM100419,PT11436,Medicaid,1022.71,4
CLM102514,PT12090,"Blue Cross",1022.28,4
CLM101991,PT10838,Cigna,1020.05,4
CLM101390,PT10631,"Blue Cross",1019.36,4
CLM100394,PT12108,UnitedHealthcare,1017.87,4
CLM102972,PT11763,Cigna,1017.27,4
CLM102125,PT11104,UnitedHealthcare,1015.55,4
CLM100777,PT11401,Cigna,1015.05,4
CLM100192,PT10841,UnitedHealthcare,1014.8,4
CLM101358,PT12444,Cigna,1012.64,4
CLM100706,PT10177,Cigna,1011.73,4
CLM102009,PT10574,Aetna,1009.23,4
CLM102880,PT11347,Medicare,1006.8,4
CLM102964,PT11896,"Blue Cross",1006.59,4
CLM102577,PT11929,"Blue Cross",1006.39,4
CLM101919,PT10211,Cigna,1000.67,4
CLM102950,PT10448,Medicaid,999.36,4
CLM100195,PT11372,Medicaid,999.29,4
CLM101634,PT11083,Cigna,998.4,4
CLM100682,PT10017,Medicare,997.32,4
CLM102563,PT11175,UnitedHealthcare,996.74,4
CLM100701,PT11936,Medicare,995.27,4
CLM100238,PT12670,Aetna,994.59,4
CLM100917,PT11704,"Blue Cross",993.93,4
CLM102959,PT12391,"Blue Cross",991.64,4
CLM102070,PT10033,UnitedHealthcare,991.32,4
CLM100664,PT12879,Medicaid,991.18,4
CLM102786,PT10227,UnitedHealthcare,986.66,4
CLM101930,PT12305,"Blue Cross",985.02,4
CLM101385,PT11599,Medicaid,984.16,4
CLM102308,PT11974,Medicare,983.86,4
CLM102812,PT12708,Cigna,981.81,4
CLM101257,PT11840,UnitedHealthcare,981.38,4
CLM102355,PT10173,"Blue Cross",979.78,4
CLM102210,PT12808,UnitedHealthcare,979.4,4
CLM100341,PT10405,UnitedHealthcare,976.36,4
CLM101165,PT12658,Medicare,974.35,4
CLM100191,PT10467,Medicaid,970.03,4
CLM101431,PT11384,UnitedHealthcare,968.63,4
CLM100626,PT12541,Cigna,967.31,4
CLM100763,PT10697,"Blue Cross",965.77,4
CLM100078,PT11417,Medicare,962.45,4
CLM102864,PT11868,"Blue Cross",961.05,4
CLM102726,PT12628,Medicare,959.75,4
CLM100171,PT10259,"Blue Cross",958.6,4
CLM100735,PT11524,Cigna,958.53,4
CLM100396,PT11283,Medicaid,955.72,4
CLM100026,PT11326,"Blue Cross",955.48,4
CLM100635,PT12630,Aetna,955.28,4
CLM101652,PT10250,Cigna,955.22,4
CLM100408,PT11142,Medicaid,954.69,4
CLM102724,PT12720,Aetna,951.41,4
CLM102248,PT12875,"Blue Cross",951.4,4
CLM101490,PT12657,Cigna,950.74,4
CLM102379,PT10026,Medicaid,945.7,4
CLM102667,PT10233,Medicare,941.14,4
CLM100736,PT12954,Cigna,938.95,4
CLM101582,PT11242,UnitedHealthcare,938.58,4
CLM100043,PT10244,Cigna,935.63,4
CLM102266,PT11931,Cigna,934.54,4
CLM102141,PT10258,Medicare,934.03,4
CLM102851,PT12100,Medicare,932.58,4
CLM101437,PT11867,Medicare,930.69,4
CLM101854,PT12173,Cigna,928.15,4
CLM102629,PT10090,Aetna,928,4
CLM102758,PT10447,Medicaid,927.78,4
CLM102938,PT11144,Medicare,926.92,4
CLM101383,PT11395,Aetna,926.81,4
CLM101905,PT10045,UnitedHealthcare,926.54,4
CLM101373,PT11119,Medicaid,926.18,4
CLM100976,PT12045,Aetna,924.02,4
CLM100926,PT11448,"Blue Cross",920.42,4
CLM102980,PT12391,Cigna,919.64,4
CLM100297,PT12166,"Blue Cross",918.26,4
CLM101714,PT10844,Medicare,917.74,4
CLM101136,PT10018,Aetna,912.48,4
CLM101322,PT11083,Medicare,912.48,4
CLM100937,PT12726,Cigna,910.95,4
CLM102468,PT12988,Medicaid,909.8,4
CLM100528,PT11516,Medicare,907.62,4
CLM101329,PT11820,Medicaid,907.2,4
CLM102339,PT12347,Medicare,905.67,4
CLM101926,PT11179,"Blue Cross",904.97,4
CLM100895,PT12150,Medicare,904.96,4
CLM100775,PT11509,"Blue Cross",904.64,4
CLM101436,PT12031,Medicaid,904.63,4
CLM101771,PT11422,UnitedHealthcare,902.02,4
CLM101425,PT10287,"Blue Cross",901.27,4
CLM101876,PT10505,Medicaid,898.74,4
CLM101527,PT11720,Aetna,896.12,4
CLM101563,PT10833,Cigna,895.82,4
CLM101118,PT11989,Cigna,895.62,4
CLM100864,PT10293,"Blue Cross",893.03,4
CLM101621,PT11527,UnitedHealthcare,892.94,4
CLM100314,PT11344,Medicaid,889.98,4
CLM101733,PT11145,Cigna,889.07,4
CLM100363,PT12924,UnitedHealthcare,888.08,4
CLM101177,PT10042,UnitedHealthcare,886.45,4
CLM102997,PT12192,Cigna,886.35,4
CLM101600,PT12756,Cigna,885.95,4
CLM100481,PT12443,Cigna,884.49,4
CLM100892,PT10271,UnitedHealthcare,879.98,4
CLM100392,PT11336,Aetna,876.76,4
CLM100971,PT10661,UnitedHealthcare,870.23,4
CLM101175,PT11976,Medicare,869.75,4
CLM101917,PT10793,Medicaid,869.25,4
CLM101674,PT10395,"Blue Cross",867.61,4
CLM100911,PT11203,,867.08,4
CLM101489,PT11310,"Blue Cross",862.93,4
CLM101084,PT10327,"Blue Cross",861.73,4
CLM101715,PT10346,Medicaid,860.42,4
CLM101986,PT12903,Medicare,859.91,4
CLM101128,PT10683,Medicare,857.58,4
CLM100764,PT11786,Medicare,856.56,4
CLM100340,PT10298,UnitedHealthcare,853.41,4
CLM100586,PT11171,UnitedHealthcare,851.16,4
CLM100443,PT10795,Medicare,849.02,4
CLM101123,PT11262,Medicaid,848.93,4
CLM102645,PT11823,Medicare,848.04,4
CLM102074,PT12867,,847.53,4
CLM102533,PT10839,Cigna,846.99,4
CLM101734,PT10436,"Blue Cross",845.17,4
CLM102149,PT11649,Aetna,842.87,4
CLM101949,PT11806,Medicaid,842.5,4
CLM101633,PT12943,"Blue Cross",832.03,4
CLM101362,PT12003,UnitedHealthcare,827.42,4
CLM100834,PT12446,Medicaid,826.56,4
CLM101097,PT12134,UnitedHealthcare,825.15,4
CLM102857,PT12197,Medicare,824.07,4
CLM100465,PT11847,"Blue Cross",822.42,4
CLM101589,PT10969,Aetna,822.28,4
CLM101881,PT12941,Medicaid,821.8,4
CLM101920,PT12170,"Blue Cross",821.31,4
CLM102097,PT10195,"Blue Cross",820.73,4
CLM102847,PT10696,Aetna,819.1,4
CLM100727,PT12689,"Blue Cross",818.2,4
CLM101862,PT11708,Medicare,817.54,4
CLM100216,PT11186,,816.51,4
CLM101134,PT12936,Cigna,816.5,4
CLM101245,PT12706,UnitedHealthcare,815,4
CLM102175,PT10248,Aetna,811.67,4
CLM100568,PT12685,Medicare,810.89,4
CLM102698,PT12898,"Blue Cross",810.01,4
CLM100977,PT11360,Cigna,809.02,4
CLM102517,PT11927,"Blue Cross",808.68,4
CLM101089,PT11987,Medicaid,808.57,4
CLM100670,PT10502,Aetna,807.09,4
CLM101446,PT11476,"Blue Cross",802.41,4
CLM101473,PT12682,UnitedHealthcare,801.4,4
CLM102670,PT11456,Medicaid,798.97,4
CLM100246,PT12260,"Blue Cross",798.53,4
CLM100291,PT11458,UnitedHealthcare,797.36,4
CLM100139,PT11427,UnitedHealthcare,794.96,4
CLM100593,PT12005,Cigna,794.49,4
CLM101722,PT11223,Medicaid,793.39,4
CLM102394,PT12033,UnitedHealthcare,793.32,4
CLM102836,PT10849,"Blue Cross",792.65,4
CLM100141,PT11393,Medicaid,790.61,4
CLM100235,PT12856,Medicaid,790.53,4
CLM101469,PT11297,"Blue Cross",790.34,4
CLM102901,PT11404,Medicaid,789.8,4
CLM100290,PT11458,Medicaid,787.26,4
CLM102685,PT10283,"Blue Cross",785.34,4
CLM102459,PT10626,Aetna,781.29,4
CLM102340,PT10629,UnitedHealthcare,780.76,4
CLM100956,PT10100,UnitedHealthcare,777.71,4
CLM102126,PT10511,Medicare,775.02,4
CLM101391,PT10535,Aetna,774.34,4
CLM102570,PT10795,UnitedHealthcare,768.85,4
CLM102875,PT12011,Medicare,768.8,4
CLM101738,PT12797,Medicare,766.88,4
CLM100783,PT10967,Medicare,766.85,4
CLM100611,PT10297,Aetna,761.47,4
CLM101389,PT10765,Medicaid,759.55,4
CLM102341,PT12447,Medicare,755.89,4
CLM100127,PT10422,Medicaid,755.32,4
CLM101740,PT11921,"Blue Cross",753.43,4
CLM102841,PT11766,Aetna,751.95,4
CLM102117,PT12889,Cigna,750.27,4
CLM102321,PT11793,"Blue Cross",748.65,4
CLM100886,PT12778,Medicare,746.3,4
CLM101291,PT12409,"Blue Cross",745.25,4
CLM102447,PT11574,"Blue Cross",744.32,4
CLM101524,PT10309,"Blue Cross",742.09,4
CLM102838,PT12983,Cigna,741.68,4
CLM102541,PT11386,UnitedHealthcare,741.62,4
CLM102389,PT11015,Cigna,740.3,4
CLM101151,PT12326,UnitedHealthcare,739.49,4
CLM100439,PT12150,Medicare,738.18,4
CLM101842,PT10916,Aetna,738,4
CLM102058,PT11267,UnitedHealthcare,735.93,4
CLM100318,PT11509,Aetna,735.84,4
CLM102566,PT11625,"Blue Cross",735.69,4
CLM101304,PT10084,"Blue Cross",735.25,4
CLM101504,PT10207,"Blue Cross",735.02,4
CLM101261,PT10935,,733.12,4
CLM101511,PT10067,Medicaid,731.7,4
CLM101443,PT11614,UnitedHealthcare,730.97,4
CLM102977,PT11251,Medicare,729.3,4
CLM100221,PT10382,Cigna,726.99,4
CLM102993,PT11618,Aetna,726.36,4
CLM102347,PT10362,Aetna,726.08,4
CLM102955,PT11274,Aetna,724.85,4
CLM100071,PT10796,"Blue Cross",723.7,4
CLM101609,PT12675,Medicare,722.44,4
CLM102480,PT12122,Medicare,718.38,4
CLM100497,PT11377,UnitedHealthcare,718.23,4
CLM100580,PT11885,Medicare,718.07,4
CLM101354,PT11029,"Blue Cross",717.74,4
CLM100685,PT12632,Medicaid,717.1,4
CLM100345,PT11025,Cigna,715.09,4
CLM102161,PT10100,Cigna,714.74,4
CLM100175,PT12966,Aetna,714.41,4
CLM101410,PT10735,Aetna,712.6,4
CLM100401,PT12133,Medicaid,711.93,4
CLM100284,PT11981,UnitedHealthcare,706.16,4
CLM101146,PT12640,UnitedHealthcare,699.88,4
CLM100618,PT11667,UnitedHealthcare,698.33,4
CLM102388,PT12387,Medicare,698.23,4
CLM101736,PT10093,Medicaid,696.4,4
CLM100338,PT11497,Medicare,695.19,4
CLM101788,PT10340,UnitedHealthcare,694.88,4
CLM100899,PT10341,Medicaid,690.62,4
CLM100633,PT12353,"Blue Cross",687.44,4
CLM101011,PT10630,Aetna,685.02,4
CLM100084,PT11032,Medicaid,682.99,4
CLM102732,PT11558,UnitedHealthcare,682.33,4
CLM102692,PT11294,Cigna,682.28,4
CLM100354,PT10773,"Blue Cross",682.06,4
CLM102817,PT12984,Cigna,678.59,4
CLM102258,PT11239,UnitedHealthcare,678.28,4
CLM101185,PT11433,"Blue Cross",677.8,4
CLM101625,PT12910,Cigna,677.02,4
CLM101350,PT10037,"Blue Cross",675.93,4
CLM102274,PT12202,Cigna,674.44,4
CLM101508,PT10729,Medicaid,672.21,4
CLM100653,PT11998,UnitedHealthcare,670.18,4
CLM101455,PT10118,UnitedHealthcare,670.03,4
CLM102785,PT10144,"Blue Cross",669.56,4
CLM101320,PT10043,Cigna,669.43,4
CLM102983,PT11602,"Blue Cross",667,4
CLM102735,PT10868,Cigna,666.65,4
CLM102312,PT10158,Cigna,664.72,4
CLM100843,PT12210,Medicaid,660.08,4
CLM102080,PT12957,UnitedHealthcare,658.61,4
CLM102554,PT10394,Medicaid,657.36,4
CLM100621,PT11473,"Blue Cross",654.97,4
CLM101101,PT10239,Cigna,654.87,4
CLM102265,PT12759,Medicare,653.93,4
CLM100961,PT12209,"Blue Cross",652.28,4
CLM101386,PT10204,Medicaid,650.11,4
CLM101165,PT12705,Medicaid,649.93,4
CLM101839,PT10433,Medicaid,648.52,4
CLM100799,PT12166,Cigna,647.96,4
CLM102916,PT11599,Aetna,645.33,4
CLM100742,PT10230,Medicaid,644.23,4
CLM100495,PT12434,Cigna,637.47,4
CLM102292,PT10976,"Blue Cross",635.01,4
CLM101408,PT11675,Medicare,634.36,4
CLM102259,PT12529,UnitedHealthcare,633.22,4
CLM100614,PT11216,UnitedHealthcare,631.03,4
CLM102424,PT11241,Medicare,630.97,4
CLM100146,PT10720,"Blue Cross",630.81,4
CLM100909,PT10950,UnitedHealthcare,630.23,4
CLM100194,PT12022,Medicaid,629.83,4
CLM100382,PT10213,UnitedHealthcare,628.85,4
CLM102309,PT10802,Medicare,628.61,4
CLM101206,PT11422,UnitedHealthcare,628.42,4
CLM101348,PT10130,Cigna,628.09,4
CLM101405,PT10325,Cigna,627.3,4
CLM100091,PT10011,UnitedHealthcare,627.06,4
CLM102581,PT12542,Aetna,625.63,4
CLM100652,PT12459,Medicaid,624.41,4
CLM101533,PT11536,Aetna,620.67,4
CLM102104,PT11863,,617.85,4
CLM100606,PT12592,Medicare,616.43,4
CLM101973,PT12054,Medicare,613.12,4
CLM101387,PT12257,UnitedHealthcare,611.38,4
CLM100388,PT10253,Aetna,610.53,4
CLM102392,PT11555,Cigna,609.99,4
CLM100393,PT10615,UnitedHealthcare,609.43,4
CLM100654,PT11801,Medicare,608.52,4
CLM100850,PT11563,Cigna,606.6,4
CLM102816,PT10931,Medicaid,605.87,4
CLM100154,PT11626,UnitedHealthcare,605.56,4
CLM101825,PT11733,Aetna,605.45,4
CLM100870,PT11421,Cigna,602.31,4
CLM102834,PT11149,Medicaid,599.31,4
CLM101102,PT10941,"Blue Cross",594.06,4
CLM102921,PT12326,Medicare,590.2,4
CLM101230,PT10263,Aetna,588.53,4
CLM100275,PT11013,"Blue Cross",586.92,4
CLM101338,PT11629,UnitedHealthcare,586.16,4
CLM100578,PT10649,Aetna,585.06,4
CLM102330,PT11618,UnitedHealthcare,580.9,4
CLM100628,PT10449,Aetna,576.74,4
CLM102300,PT10966,Medicare,576.34,4
CLM101393,PT12000,UnitedHealthcare,576,4
CLM101342,PT12409,"Blue Cross",570.93,4
CLM100327,PT11204,Medicare,564.06,4
CLM100162,PT12119,Medicaid,561.5,4
CLM101898,PT10753,Aetna,560.56,4
CLM101624,PT12470,UnitedHealthcare,558.35,4
CLM102989,PT12854,Aetna,557.03,4
CLM101447,PT12991,"Blue Cross",556.6,4
CLM100371,PT11099,"Blue Cross",555.45,4
CLM101319,PT10945,"Blue Cross",555.15,4
CLM100677,PT11714,UnitedHealthcare,553.68,4
CLM102858,PT11265,"Blue Cross",553.63,4
CLM101768,PT12101,UnitedHealthcare,551.09,4
CLM100412,PT10198,Cigna,546.37,4
CLM101638,PT11390,Cigna,546.04,4
CLM100033,PT12016,Medicaid,544.51,4
CLM102159,PT12539,Aetna,544.49,4
CLM101728,PT10684,Cigna,540.25,4
CLM100249,PT10466,Medicaid,539.25,4
CLM102890,PT12139,"Blue Cross",537.7,4
CLM101948,PT11705,Medicaid,536.7,4
CLM100075,PT11417,Medicaid,536.31,4
CLM100596,PT11294,Medicaid,535.87,4
CLM100565,PT10320,Aetna,533.29,4
CLM101866,PT11200,Aetna,531.37,4
CLM101525,PT12792,Cigna,525.84,4
CLM100524,PT11813,Aetna,525.51,4
CLM100934,PT12578,Cigna,525.13,4
CLM100939,PT11008,"Blue Cross",524.78,4
CLM100996,PT12320,Cigna,524.71,4
CLM100770,PT10060,Cigna,518.24,4
CLM102527,PT12645,Cigna,513.33,4
CLM102289,PT12777,"Blue Cross",512.54,4
CLM101883,PT10921,Cigna,512.42,4
CLM102944,PT10981,Aetna,511.57,4
CLM100303,PT10066,Medicare,511.55,4
CLM102466,PT11860,Cigna,511.31,4
CLM102578,PT11314,UnitedHealthcare,505.91,4
CLM102423,PT11398,UnitedHealthcare,504.67,4
CLM102261,PT10397,Aetna,504.51,4
CLM102376,PT10121,Cigna,504.15,4
CLM100591,PT10687,"Blue Cross",498.86,4
CLM101690,PT10702,Cigna,494.77,4
CLM102496,PT11149,Medicare,492.7,4
CLM100639,PT11832,Cigna,491.12,4
CLM100859,PT12080,"Blue Cross",490.5,4
CLM100724,PT12230,Medicare,490.09,4
CLM102770,PT10492,"Blue Cross",489.48,4
CLM100688,PT10066,Cigna,487.55,4
CLM101296,PT10964,Cigna,485.43,4
CLM100678,PT11853,Medicare,484.4,4
CLM102111,PT12877,UnitedHealthcare,484.07,4
CLM102705,PT11290,Medicaid,482.41,4
CLM102301,PT12408,UnitedHealthcare,481.12,4
CLM101790,PT11964,Cigna,481.11,4
CLM101099,PT12603,Cigna,478.9,4
CLM101817,PT10447,Aetna,474.18,4
CLM102602,PT12888,Medicare,472.39,4
CLM101496,PT12759,"Blue Cross",469.98,4
CLM100072,PT10912,"Blue Cross",467.9,4
CLM101810,PT11923,Aetna,466.29,4
CLM100007,PT12301,Cigna,463.44,4
CLM101911,PT11619,Medicaid,463.43,4
CLM100201,PT12104,Medicaid,463.01,4
CLM100030,PT12465,Aetna,462.5,4
CLM101599,PT10813,Medicare,461.16,4
CLM102839,PT12862,Cigna,459.53,4
CLM102017,PT12746,,458.6,4
CLM100679,PT12531,Aetna,457.41,4
CLM101215,PT10040,Cigna,456.51,4
CLM102505,PT12980,Cigna,455.81,4
CLM100912,PT12302,Aetna,453.89,4
CLM102096,PT11351,"Blue Cross",449.98,4
CLM101021,PT11446,Medicaid,449.16,4
CLM101210,PT12901,"Blue Cross",448.74,4
CLM100647,PT12857,Aetna,446.28,4
CLM100151,PT11058,Aetna,445.94,4
CLM100434,PT11149,Aetna,441.98,4
CLM101347,PT10635,Aetna,440.89,4
CLM102807,PT10177,Cigna,439.29,4
CLM101510,PT11135,Medicare,435.32,4
CLM101289,PT11329,"Blue Cross",434.93,4
CLM102707,PT11139,Cigna,433.84,4
CLM101070,PT11216,Medicaid,431.36,4
CLM101703,PT12566,Medicare,429.61,4
CLM100629,PT10913,Aetna,429.4,4
CLM100348,PT12870,Medicare,429.05,4
CLM102729,PT11725,Aetna,428.92,4
CLM101124,PT12480,Cigna,428.21,4
CLM100726,PT12655,UnitedHealthcare,427.08,4
CLM101844,PT10571,Medicare,425.44,4
CLM101556,PT11758,"Blue Cross",425.01,4
CLM100325,PT12079,Medicaid,423.39,4
CLM100885,PT10958,UnitedHealthcare,420.7,4
CLM100741,PT11388,Cigna,420.61,4
CLM100540,PT12739,Cigna,420.6,4
CLM100923,PT10697,Aetna,420.36,4
CLM102802,PT11837,Cigna,420.2,4
CLM102416,PT10123,Medicare,420.09,4
CLM100322,PT11013,Aetna,417.95,4
CLM101267,PT10304,Medicaid,416.79,4
CLM102719,PT11748,Cigna,415.86,4
CLM101704,PT11183,"Blue Cross",410.8,4
CLM101044,PT10934,Medicare,407.42,4
CLM100983,PT10705,Medicaid,405.23,4
CLM101853,PT12158,"Blue Cross",402.64,4
CLM101619,PT11337,Medicaid,400.09,4
CLM101073,PT12480,Medicare,399.29,4
CLM101164,PT10014,"Blue Cross",386.75,4
CLM100372,PT10173,Medicaid,386.04,4
CLM100714,PT10044,Aetna,384.38,4
CLM101046,PT12676,Aetna,383.3,4
CLM100347,PT11115,UnitedHealthcare,382.1,4
CLM101707,PT12852,Medicaid,380.54,4
CLM102904,PT11676,Medicaid,379.7,4
CLM100825,PT11219,Cigna,377.47,4
CLM102327,PT11629,Medicaid,374.89,4
CLM100707,PT11817,Cigna,373.41,4
CLM101874,PT10776,UnitedHealthcare,371.26,4
CLM100167,PT11940,"Blue Cross",370.94,4
CLM100385,PT11756,UnitedHealthcare,370.85,4
CLM101886,PT12823,"Blue Cross",370.16,4
CLM101805,PT10026,"Blue Cross",369.99,4
CLM100118,PT12876,Cigna,369.87,4
CLM100738,PT10882,Medicare,368.44,4
CLM102535,PT10155,Aetna,368.37,4
CLM102483,PT12471,Medicaid,368.02,4
CLM102147,PT10399,Aetna,366.34,4
CLM101363,PT10993,"Blue Cross",363.76,4
CLM102105,PT12282,Aetna,362.9,4
CLM101351,PT11044,Medicaid,358.01,4
CLM100422,PT10427,,357,4
CLM101314,PT10351,Aetna,356.97,4
CLM100227,PT10684,Medicare,354.55,4
CLM102156,PT10859,Aetna,353.68,4
CLM101223,PT10936,Cigna,349.87,4
CLM101550,PT10890,UnitedHealthcare,348.87,4
CLM101341,PT11373,Aetna,347.63,4
CLM101726,PT12067,UnitedHealthcare,345.01,4
CLM100435,PT12954,Cigna,344.51,4
CLM102457,PT10355,,343.13,4
CLM101623,PT12158,"Blue Cross",341.68,4
CLM101971,PT11359,Medicare,340.93,4
CLM100659,PT11472,UnitedHealthcare,340.43,4
CLM102150,PT10012,Medicare,338.69,4
CLM101672,PT11124,UnitedHealthcare,338,4
CLM102863,PT12094,Aetna,335.43,4
CLM101587,PT11168,"Blue Cross",332.26,4
CLM100339,PT10086,Medicare,330.59,4
CLM101945,PT10225,Aetna,330.23,4
CLM102145,PT12041,Medicaid,329.56,4
CLM101032,PT11592,UnitedHealthcare,327.94,4
CLM100040,PT10747,UnitedHealthcare,327.87,4
CLM100840,PT11702,Cigna,327.1,4
CLM102539,PT11492,Aetna,326.26,4
CLM102442,PT12256,UnitedHealthcare,325.57,4
CLM102184,PT12325,Aetna,325.22,4
CLM102762,PT12808,Medicaid,324.47,4
CLM100590,PT11458,Aetna,324.42,4
CLM102016,PT11010,,324.42,4
CLM100332,PT12753,Cigna,323.19,4
CLM100503,PT11362,Aetna,322.21,4
CLM102939,PT12620,Medicaid,320.74,4
CLM101892,PT10849,UnitedHealthcare,319.91,4
CLM102384,PT11615,Cigna,319.14,4
CLM101572,PT11667,UnitedHealthcare,317.59,4
CLM101604,PT11884,UnitedHealthcare,315.21,4
CLM102477,PT10501,Medicare,313.21,4
CLM102387,PT12396,"Blue Cross",312.64,4
CLM102741,PT10762,Cigna,309.76,4
CLM101616,PT11525,Cigna,306.41,4
CLM101568,PT11732,Medicare,306.15,4
CLM101106,PT12779,Aetna,305.59,4
CLM100037,PT12972,UnitedHealthcare,304.39,4
CLM100898,PT10213,Aetna,303.32,4
CLM100650,PT10823,Cigna,302.31,4
CLM100841,PT10813,UnitedHealthcare,302.05,4
CLM100929,PT12779,Medicaid,298,4
CLM102130,PT12976,Cigna,297.99,4
CLM102508,PT11069,Aetna,297.66,4
CLM100077,PT11664,Cigna,296.83,4
CLM101764,PT10961,Medicaid,295.5,4
CLM101823,PT10121,Medicare,293.54,4
CLM100748,PT10018,UnitedHealthcare,293.48,4
CLM101414,PT12286,Medicaid,291.8,4
CLM101904,PT10794,Aetna,288.83,4
CLM100292,PT10641,Aetna,287.46,4
CLM101819,PT10797,Medicare,287.35,4
CLM100712,PT11344,Medicare,282.62,4
CLM102827,PT10330,Medicare,280.63,4
CLM101057,PT11692,Cigna,279.64,4
CLM101702,PT11600,Medicare,277.66,4
CLM101750,PT12043,Medicare,277.26,4
CLM100691,PT10144,Medicaid,275.46,4
CLM100304,PT10224,Medicaid,274.57,4
CLM102168,PT10924,Medicaid,274.18,4
CLM100482,PT11097,Aetna,270.94,4
CLM101979,PT11692,Cigna,270.68,4
CLM100244,PT12500,Aetna,268.86,4
CLM100309,PT12190,UnitedHealthcare,268.74,4
CLM101742,PT12698,Aetna,268.47,4
CLM102206,PT12148,UnitedHealthcare,268.37,4
CLM100263,PT10942,"Blue Cross",265.58,4
CLM100544,PT11795,Medicare,264.93,4
CLM100289,PT10435,"Blue Cross",264.87,4
CLM101043,PT10607,Aetna,263.99,4
CLM101833,PT10683,Cigna,263.51,4
CLM100036,PT11524,Cigna,263.17,4
CLM100788,PT10166,Medicaid,261.65,4
CLM100483,PT10593,UnitedHealthcare,261.3,4
CLM101244,PT12556,Cigna,259.95,4
CLM102943,PT11162,Medicare,258.93,4
CLM102867,PT11723,Medicare,257.1,4
CLM102996,PT11317,UnitedHealthcare,254.9,4
CLM101918,PT11280,Medicaid,254.39,4
CLM102077,PT10437,Aetna,252.12,4
CLM102850,PT12457,Cigna,252.11,4
CLM101856,PT12593,Aetna,251.74,4
CLM102931,PT11394,UnitedHealthcare,250.77,4
CLM101894,PT11635,UnitedHealthcare,247.81,4
CLM102693,PT10730,UnitedHealthcare,247.55,4
CLM102136,PT10305,Aetna,247.41,4
CLM102241,PT12424,"Blue Cross",246.53,4
CLM102179,PT10408,Aetna,242.59,4
CLM100178,PT12079,Medicaid,239.95,4
CLM101301,PT11600,Medicare,238.42,4
CLM100704,PT10647,Cigna,237.99,4
CLM100857,PT12252,Aetna,236.5,4
CLM100107,PT10450,Medicaid,235.18,4
CLM101974,PT12581,"Blue Cross",235.04,4
CLM102382,PT12986,Medicare,234.75,4
CLM100640,PT12584,Medicaid,232.33,4
CLM102835,PT10486,UnitedHealthcare,232.11,4
CLM100541,PT10576,"Blue Cross",231.62,4
CLM102636,PT11832,"Blue Cross",229.86,4
CLM100486,PT12170,Cigna,223.42,4
CLM102592,PT12231,"Blue Cross",221.98,4
CLM102751,PT10254,Aetna,221.4,4
CLM100035,PT10892,"Blue Cross",211.3,4
CLM100248,PT10860,UnitedHealthcare,210.09,4
CLM100725,PT12159,"Blue Cross",207.83,4
CLM101203,PT10598,Cigna,206.86,4
CLM102761,PT10833,Medicaid,206.55,4
CLM102494,PT12129,Aetna,205.57,4
CLM101509,PT10922,Medicaid,205.4,4
CLM102558,PT11455,UnitedHealthcare,205.24,4
CLM100974,PT10236,Aetna,204.14,4
CLM101913,PT10129,Medicaid,203.07,4
CLM100791,PT10517,Medicare,202.84,4
CLM102918,PT10732,Cigna,202.03,4
CLM100740,PT11625,Medicare,200.45,4
CLM101009,PT11870,Aetna,198.45,4
CLM101065,PT12143,Medicare,198.23,4
CLM102868,PT11980,Medicaid,195.96,4
CLM101335,PT12475,Medicaid,190.45,4
CLM101412,PT10112,Cigna,189.61,4
CLM101189,PT11277,Aetna,189.18,4
CLM102764,PT10298,Medicare,186.67,4
CLM101389,PT11702,Aetna,186.65,4
CLM100597,PT10189,Aetna,186.19,4
CLM100751,PT12994,"Blue Cross",186.18,4
CLM100623,PT12400,"Blue Cross",185.52,4
CLM102590,PT10234,Cigna,183.26,4
CLM100696,PT11739,UnitedHealthcare,181.93,4
CLM102369,PT11061,UnitedHealthcare,181.64,4
CLM101950,PT11604,Medicaid,178.25,4
CLM101836,PT12489,Medicaid,177.81,4
CLM101767,PT11522,Aetna,176.55,4
CLM102153,PT10510,Cigna,175.76,4
CLM102979,PT12023,UnitedHealthcare,175.73,4
CLM102418,PT10292,Medicaid,175.49,4
CLM101181,PT11483,UnitedHealthcare,174.19,4
CLM100560,PT11087,UnitedHealthcare,172.24,4
CLM100008,PT10926,Aetna,169.55,4
CLM101162,PT10301,Medicare,167.13,4
CLM102061,PT12701,Aetna,166.86,4
CLM100019,PT12559,Aetna,166.76,4
CLM101356,PT10306,Medicare,165.94,4
CLM100253,PT11063,Cigna,165.3,4
CLM101399,PT10266,"Blue Cross",161.95,4
CLM101552,PT12365,"Blue Cross",161.33,4
CLM101705,PT12976,"Blue Cross",160.83,4
CLM100364,PT12414,Medicaid,160.35,4
CLM101174,PT12322,Cigna,159.46,4
CLM101268,PT11934,Medicaid,158.53,4
CLM100196,PT11642,"Blue Cross",155.8,4
CLM100092,PT11075,UnitedHealthcare,155.4,4
CLM102302,PT11418,Medicaid,155.08,4
CLM100656,PT10787,"Blue Cross",154.56,4
CLM102976,PT12567,UnitedHealthcare,152.44,4
CLM102491,PT12722,Cigna,151.23,4
CLM101795,PT12270,Medicare,150.05,4
CLM101360,PT10447,"Blue Cross",145.02,4
CLM100551,PT10362,Medicare,142.3,4
CLM100298,PT10553,"Blue Cross",140.96,4
CLM100552,PT12137,Medicaid,140.41,4
CLM100359,PT11625,"Blue Cross",140.23,4
CLM101163,PT12698,"Blue Cross",140.15,4
CLM101792,PT12174,Medicaid,140.09,4
CLM101141,PT10437,Aetna,139.75,4
CLM100986,PT10588,Medicare,138.49,4
CLM101867,PT12704,Cigna,135.32,4
CLM101088,PT12522,Cigna,134.94,4
CLM101058,PT11384,"Blue Cross",131.21,4
CLM102467,PT12178,Medicaid,130.75,4
CLM100288,PT12007,Medicare,128.39,4
CLM100115,PT12981,Medicaid,127.91,4
CLM100818,PT10415,Medicaid,127.82,4
CLM101763,PT12936,Cigna,127.09,4
CLM102317,PT12855,Medicare,126.59,4
CLM101061,PT11766,Medicaid,126.15,4
CLM102947,PT12179,"Blue Cross",125.73,4
CLM100280,PT11082,Cigna,122.73,4
CLM101069,PT12475,Cigna,121.9,4
CLM102201,PT12377,Aetna,120.36,4
CLM102721,PT10829,Cigna,120.03,4
CLM101424,PT10860,Aetna,117,4
CLM100427,PT12154,Medicare,116.37,4
CLM100469,PT10896,Medicaid,113.22,4
CLM101312,PT10149,Medicare,112.71,4
CLM102195,PT10552,Cigna,112.48,4
CLM100225,PT11065,UnitedHealthcare,112.31,4
CLM102353,PT12309,UnitedHealthcare,110.68,4
CLM102731,PT11559,Medicare,109.48,4
CLM102645,PT12681,"Blue Cross",108.89,4
CLM100827,PT10842,Medicaid,107.9,4
CLM101811,PT12980,Cigna,106.55,4
CLM101631,PT10682,Cigna,104.54,4
CLM100863,PT12049,Medicaid,104.16,4
CLM102346,PT11112,UnitedHealthcare,101.55,4
CLM102706,PT12427,Cigna,100.49,4
CLM101868,PT10717,Cigna,97.4,4
CLM102039,PT10078,UnitedHealthcare,95.67,4
CLM100437,PT11175,UnitedHealthcare,95.01,4
CLM102600,PT12235,Cigna,94.16,4
CLM100815,PT11650,Medicare,92.58,4
CLM101729,PT11654,Medicaid,92.33,4
CLM101445,PT12907,Medicaid,91.29,4
CLM100567,PT11279,Cigna,90.15,4
CLM102056,PT10323,"Blue Cross",-155.77,4
CLM101910,PT11301,Cigna,-157.57,4
CLM102640,PT11316,Medicare,-1443.16,4
CLM101803,PT10147,UnitedHealthcare,-1709.79,4
CLM101078,PT10766,"Blue Cross",-1957.62,4
CLM101072,PT10582,Cigna,-1998.91,4
CLM100155,PT11010,UnitedHealthcare,-2077.75,4
CLM100283,PT12638,"Blue Cross",-2080.82,4
CLM102118,PT11454,Medicaid,-2159.03,4
CLM102679,PT10852,UnitedHealthcare,-2301.49,4
CLM101311,PT10373,"Blue Cross",-2691.49,4
CLM102247,PT12119,Medicare,-2730.91,4
CLM100301,PT10553,UnitedHealthcare,-3442.16,4
CLM100174,PT10375,Aetna,-3625.03,4
CLM101397,PT10942,UnitedHealthcare,-3790.3,4
